Original_Hex,Reconstructed_Bytes,Label_True,Label_Pred,Mean_LogProb,Min_LogProb
74617565667a657a6f6f74767164686168726467736473696265656d706475716c717265,tauefzszootvqdhaqrdgqdsibeqmpduqlqre,0,0,-14.667967,-23.651932
6e6f6e7561736773697a71656273686166767365627363766474666461756f67666d6374696e7567736d7273656967646962,nonnasgbizqebshafvseqscvqtfdauogfqctinugsmrseigfib,0,0,-14.796077,-22.071653
666e696575666c7270736c747a6467716d67746c65696466676e6463696e647364747463726e696c62,fnieqflrpssttfgqmgtleidfsndciqdtdttcrnslb,0,0,-12.274548,-18.89136
766d62647362656d6d72717a696971746c766e7a7a746f636572637169747264647a767472666c7362636c757a,vmbdsbemmrqziiqtlvnzztocercqitaddzvthflsbcsuz,0,0,-13.897282,-24.730251
746376686462666e6f687566746c65627162697a707a71696f6864746865726761667163697a6e6d6176757a75656f73,ttvldtfnohuvtlebqbqzpzqiohdthergffqciznmavuzzros,0,1,-15.059911,-27.069115
6465706d71646272676370667370697a7366676572667375707166616d686465706d7565686265656d62636e756671736476747a686271,depmqdsrgcpfspizsfgerfquppfamhvepmuehbeembcnufqsdvtzhbm,0,0,-14.77114,-23.203577
736c65666367736f6d67676d756d667268686672726467677373616f686d,sshfcgsomggmumfrhhfrrdggssaohm,0,0,-12.262457,-19.848995
7a67706e6e746268646c766c697361676172726f72756763717a667a,zgpnntbbdlvlisabarrorugcqzbz,0,0,-12.972715,-19.681324
6d656368696c636f6461637174636565626576637466626971617262647170,mechilcodacqtcqebevctftqqbnbdqp,0,0,-13.312118,-20.238758
65696e7070766863656c627666716e7269657366766d66617571667168617576697475696469737266757170,dinppvhcqlbvfqnrieqfvmfauffqhauvitaidifrfuqp,0,0,-15.217898,-23.053658
66767a69647471756e686d6f6972636375656e697164756f6c68686f736f616e66766969666273726e,ffzidtqunhmsirccueniqduolhhtaoebfvsifbsrn,0,0,-12.819577,-24.11298
74716f766f676c7a6663766c656574627368646563757a62,tqovoglzzcvleetbshdecuzb,0,0,-15.275455,-21.531109
66646c62757665746c6761716c6973677263646d697371696761666974,fdlbuveqlgaqlisgrcsmipqinafit,0,0,-14.820754,-21.35142
6e76646964656e74686c61666c666871657661736474696267616471686e63676f706271736463667570676f656373756961666e656c726571666c6e,nvdidgrthlaflfhpavasdtibgadqfnccopbqsdcfsrgoesssiafnelreqflm,0,0,-14.020803,-22.333244
686d706e656f726270626f63716371726e626e676c6676727276656e657662676c676366627469616564727a66736468687a6e656265687a76,hmpneqrbpqocqcqrnbngllvrrverevhgtgcfbtiaedrzfsdhhznebehzv,0,0,-14.652733,-21.060053
766670636f736f706462627a6f7a7672766c67646f6c7263647569626366677063,vvpcosspdbbzozvrvlgdolrcdqibcfgpc,0,0,-14.148134,-21.075787
7662746f737574736f706f67747472666d7462676164656774696671756f666d6d6672616966727a68716e677370,rbtqsutsorogqtrfstbgadegtifquofmmfraifrzpqngsp,0,1,-14.9088955,-28.061758
696c766f6e7462627a69746565636366647076757a6473737466767170627a61716563627a69616e76717668697a756c706f656f6d646972,ilvontbbzqteeccfdpvurdsstfvqprzsqecbzianvqvhizflpoeomdir,0,0,-14.19517,-23.63108
636577686969636c6565736861706c68666e217a,cewhiiiheeshaplhfnfz,1,0,-12.509303,-24.167469
68646374617366736162726373686f6c6874696f7a676f6c646f6c7071616d6f6970676173646473686c626967,hdctasfsabrcsholhtiqzgsldolrqambiigasddshlbig,0,0,-13.684947,-21.027681
737a68646268617274766f767a727a74676f676c676171616d71,szsdbhartvovzrzqgoglgaqamq,0,0,-15.3355055,-20.623642
746d6c666d646e6361646d757571736965627468746561617363666c63646e6d646f65,ttlfsdnbadmuuqsiebthteqascflcdnmdoe,0,0,-14.315689,-22.057495
6771707a69707121626f71786e707a6c67717566617475707376737468677961756d75756864667269,gqzzzppqtooxngzlgqufatupsvsthgqaumuurdfri,1,1,-13.83986,-30.397003
626f766d726d746d75687568686664666f7563647068,bovmqmtmuhuhffdfsucpph,0,0,-12.748898,-19.199844
706e6264767269757a75617069737a61667063656176757662707a6c73686f7a697a65646767686272737a6f6f757a6c6869,pnbdqriuzuapiszafpceatfvbpzlphozizddgpzbrszoouzlhi,0,0,-14.324756,-21.878586
656e656f6e6471626d6c666163756463757169746e617567767a6676696c616d6d7462716361657a636e72677272667563,eneonfqbmlfacqdcuqitnaugvsfvdzamsttfcrerhhrgrffuc,0,1,-12.18068,-26.725391
71656376716f68727467707273716173706f626d72696e666c7069747a6370717a6d68666e64756e7a706f6276686c61766475716d71696869,qqcvqvhrtgprsqvspobmrpqflpitzcqqzmhfndunzpzbvqlavdtmmzihi,0,0,-13.504326,-22.055656
766d62706f706c7172736f657a6c6f70757261696174746f6771626563746f62616f6d6664756d73637373706c726c72,vmbpqplprsoezlopuraiatqogqbectobaomfdumscssplrlr,0,0,-15.2945795,-22.813726
75766373696666686864667271696c68747172626d617565766373,uvcsiffhhdbrcilhtqrbmauavcc,0,0,-13.398295,-21.698114
6175616e64717362686f696f706563696e657a6d766673666263656f716475,auqndssbhoioppcifezmvfpfbcroqdu,0,0,-13.747466,-20.90051
7576757a687165656671616e76706d71716c65616864766368637a6373716f756171666d,uvzzqqqefqaavmmqqleahdvrhczcsqouaqfv,0,0,-12.654307,-20.389862
71666f707669726364746361706774667469647a6d73647665756f72616d696f6266647a6f706164617172686f76706762616467,qfopvircdtcapgtqtidzmsdveuoramioofdgbrodaquaoopgbqdg,0,0,-13.665044,-20.754622
636969707363736769747476616d66746c61647a62627062757a6e726e72,ciipscsgittvamftladzbqpbuznrnr,0,0,-14.229187,-20.580357
6d6e6f68716869617572706d647a71726262646f627a727a7163716d6c73657675646d7276626d6e63716662616c7265,mnoobqiaugsmdzqrbbdobzrzqcqmqsevudmrvpmncqfbalre,0,0,-14.114375,-22.666435
6874706576216d746d6872702d6f65736e626173,htpevfmtmqrppresnbas,1,1,-14.142761,-28.961681
656c61756d7a6e64677468666564676864706d63,elaemmndgthfeughdpmc,0,0,-14.066431,-20.74309
7674656267626573646371707162656f66656c73647a63696276696e637671646d6475617172626f62647268,btelmteedcqpsbeoqelddccibgsucvqdmsuaqrbobdrh,0,0,-12.030529,-21.269352
72727570766c716363637a70616d646464627476667273,rrupvlqcqcspunbdbbtvfrs,0,0,-9.777467,-18.7561
68626f7270757675666c6f636770656164666c64677074666661766972657475697565656665746776616d71,hborruvuflonbppadfldbbaffavirequiueefetgqamq,0,0,-13.097495,-21.167702
62716167707a65617a75616c64677a687273707467756870676c65616965617a617670637a64756c7173626e65756e647069,bqagppeqztbldgzhrsptguhpgleaieazavlczdulqsbnennrpi,0,0,-14.551902,-22.451412
687466757173626173767a637663746c686f6c70716e6869706d6f626c757067706e76737a7666696c6672647a747563726e6d7462756874726872,htfuqsbasqzcinilholpqpzipmoplupgpnvszvgzlfrdzmucrnmtbuhtbfr,0,0,-13.560608,-21.334106
756775726161687a717664627663746973676574707a6475756c7267676775636e637a7a,uguraqhzqhzbbczssgetpzpuulrgggubnczz,0,0,-11.050322,-20.614216
63736e6273716c636e6f65666765667373697573637667676f666976,csndrqlcsoofrefrhisscvggofiv,0,0,-11.193789,-21.112947
7a616d6c676d63736f72637a7a6e7671667064626f7a6e767275647a627364,zamlgmcsorczqnrqfpdbpqnvgudzbsd,0,0,-13.178774,-20.063898
746f66726769646663737a636c75737068626c697272,tqfrtilfsszclusphbliie,0,0,-11.561981,-17.058174
726374766969616470656274626e6865726473666c617566646d646c737a6469696d70666f646462,bctviiadvebtbnheqdfflaussmdsszsiippfpddb,0,0,-11.482901,-20.273392
637565667275626c6675656f70666e6970627069686c656561656374766576756d6e6566766469,cuefoqbmfseopfnipbpqhlszatcrvevumnefvdi,0,0,-13.075765,-20.788933
61666172646e72726665706c6d756865756c6570676776736568616568636270706c636462726f746374616d7a736c6d61617a7666,afaadqrrfeplduheqlepggvsehaebctbrlcdsrotctamfslmfazvf,0,0,-12.768789,-20.858767
69767467626e70666d6d6563616f75637a6d7a616d62716471666f6c696e7665727169636c656f7664626d69717376726d7474687263646767,ivtgbnpfmmecaouczmzambqdqfollnvegqialeovdbmiqsvrstthrcdgg,0,0,-14.149845,-21.051018
646c616e677571657a756361676d647267636d7165706668687a646e7a756c70,ddanguqdzucqgmdrglmqepfhhzpnzulp,0,0,-14.302759,-21.170975
626d696d696c696d706575647a707172696f626c75767169687a6d6e666572616265656e646568746c6675767166,bmitqlimmeldzpsriobluvqihzmnfqrabeendehtlfuvqf,0,1,-15.130232,-28.03047
6162737072636566666d73687a737a626169706e61696e7a6c766f6375746e617a676667726c7272637a7166637a67,absprceffdbbzszbaipnainzlvocutnfzgfgrprrcrqfczg,0,0,-14.349838,-21.09672
666c69707a706369616e6473707673716f63637a6e6568666976,flifzsciandspvrqoccqnehfiv,0,0,-13.491177,-21.919441
66626972627a6c766c737369696663677163736d6d6171616c6e70766d7a726e696274727a6e6f74,fbirbzlvlsfiifcgqcsmmpqalnpvrzrnibtrznot,0,0,-14.230616,-20.809275
74656e736568646e627a64716565767176716f6e67726e6e627a7568646375706e6d627173666273,tenseqdnbzdqeqvqpqongrnbbbuhdcnpnbbqsfbs,0,0,-13.168051,-20.61753
6664666472627a67687a666865656f7273706f71666462646c6176746275657563666c717075737561636c686164627267726967,ddfdrbzghzfheeorsqoqfdbdlavtbueucflqpuauaclhadbrqriv,0,0,-14.87166,-23.021818
637664626763636174756f6f7269616e68646f6463696f646567716e6f70646e6f72676464677064726974686571746464646f706c6d7a73,cvdbgqcatuooriangdouriodeoqnopdnorgddgpdritheqtaddoplmzs,0,0,-13.950643,-21.41262
7476656c6178756d65786863616f237063737a7a63626d3f67686c6c7967727063627a6d2d727263673f706e7a6866782d746864406c,tvellxumelhcaopcsshcbmrglllygrpcbzs-rrfgrpnzhfx-ttdttt,1,1,-13.148191,-30.033018
6662676873767466696e6263616669727168636773696f65716e64636465,fdghpvlfinbcafiuqhcgsireqpzbde,0,0,-12.390593,-21.183943
7a736875767a73617a627a736576756573696f6f667569646d6f6c737170736476716f6371767475646c67696d766d727373627a736163616171697a,zshuvzshzbzsevresioofuidmolsqvsdvrolqvttdlfimvmrssbzsacirqdz,0,0,-13.586684,-23.113894
75687a7661697a716d6775747269666e6670626e6372747466,uhzvaizqqgtttifnfpbncrttf,0,0,-13.609494,-22.503948
7a686167646f737a6e686165726f6469666d6e7372727a6f627a67707261696d6d716c686d6c6168617376636f62767562686974706c7a616d657470,rhagdosznhaeroqifmnsrrzobmgpraimmqlhmlahasvcobvubmitplzametp,0,0,-14.890328,-20.752138
74656673666167747576676173616e75667175726266666c6562717a6661656f,tefsfagtubrassnufqurbbllelqzfaeg,0,0,-12.8733225,-24.456615
6e636e737a746d7a6e63756d6f687a70647374756d6c6c737270697576687a7366636c6d6168637366676872626c667a6570726161,ncnsztrzncumohzqdstumllsrfiuvhzsfclmahcsfghrblfzepraa,0,0,-14.993147,-20.942345
686d76696e6f767265727a7173706573656d6973696f626f7176676776737a6175646965737a666f,hmqinovrerrqqpesemisioaoqvggvszfudieezfo,0,0,-14.0100355,-21.260538
676f656863726d626173686f62667062756368676f7a7066647a727665676973726866706f70747472666e6c7a626566646170716874756d687176,ggegormbushobfpuurhgozsfdzrvegiqrtfpopttrfnrzbefdaprhtumnqv,0,0,-13.485345,-22.41926
646e6672656776707a656e686f6c6f756173656566636c7568656d6f6267716c636c71717a74656e7162747062766864,ddfregvpzeqholouaseefcluhemqbgqqclqqbtenqbbpbvhd,0,0,-14.407926,-21.328594
6467626f6f646f637265726167676c7466646f7366736c6f616e6c6f6d74717076706766656f71707a73766674716e6370,dgbzqdocrtsaggltfdosfsqoanlomtqpqrqfelhpzshftqncs,0,0,-12.932702,-21.126892
6c6c6f6e676664697671746673766374726d687473666d6d616669,llongfdivqtfsvctrmhtsfmmafv,0,0,-13.357063,-18.470697
6362617073646f7164737463686c76737a687263766f636d6f63727261756c617a71686d,dbapsdsbdstchlssshrvvocmocrrauhazqhv,0,0,-13.448948,-20.687046
3f657a6a6166642176687a75707a7162726d7572726e67692d73637a706d6d706b6570716c,dezjafgqihzspzqbrmurrfgf-sczpigckepql,1,0,-11.755997,-20.607555
6873686169736361716e6e6f75627064736e7a656e756e69666d676f69746e7174626674636467706d66677673706e,hsqaascaqnnoubpdsnzenunifmgoitnqtbftcrgpmfgvspn,0,0,-14.643534,-22.227745
69617362676c6f7663686969767371756276726d6d756970626f6866766e6e66726e6f6d6e68746e6769667a626d7172616f74687566677a65,dasbglovqhiivsqubvrmmuipboqfvnnfrnobnhtngifzbmqraothufgzv,0,0,-14.845084,-24.035587
7a7a6262746c756774766765667069766d746469686863626962666362736f7a637a6e6575,rzbstlugtvgeqtivmtdihhcbibftbrzzczneu,0,0,-11.652733,-22.525013
6273646373756d617a666168636e6c61656f756c74626d736c6672736265,bsqcsumaafahcigaeouotboslfrsbe,0,0,-13.724065,-21.362635
6f717a66656e626567666c6d6862686968657375736c61646d687570656772646d746d,oqzfenbegflmbbhigesssladrhupeqbbmtm,0,0,-13.205091,-19.908072
6d7664657468736565736365626d6e66757064706273626671696962727175656262736468,mvdethseesseemnfupdpbsbqqiisrqfebbghh,0,0,-12.6637335,-23.090773
74636f726870616f71657069716c736e71687269647572736f6c76,tcorhpaaqeplqlslqhridursolv,0,0,-14.421155,-23.72852
726665747473766567646f61686566656d646c666c,rfettsvegdoahefefdlfl,0,0,-14.450871,-21.469467
696e6c76656f716d6e727068747671637a7370687068677467736d707a677366756c68,iilveoqmnrphrvqcnqphpqgtpsmpzgsfulv,0,0,-13.572799,-21.568249
6463726e64756c637a73736f697076697674626570656c75666e6270706f676364696e756f62647373,ddrndalczssoipvivtbeqelubtbppogcdinuobmss,0,0,-13.074271,-22.261097
646f65757066717a6e73656d7a6871616966657268706c7167686f69657265627a6776686f69687168657561726d7570616e6771656965,doeuufvzssemzpqaiferhflqghoaereqzgvhoihqhebfrmupaogqbie,0,0,-14.009622,-24.920895
74767267706e646576736d6571736c7065756e6776627372666c,tvrgpnqevsaeqslpeungvbsrfl,0,0,-15.829515,-22.740623
646f626d6565706f6172636664636761656c7a766e61726963626f73627a68757571716d7a6175726474696e6d6e686f,dobmeeeoarqfdcgaelbvnpricbosbzhuuqqmqaubdtinmbhv,0,0,-13.447236,-24.181892
736365756c716862766766677268636f6361736273716e64737a7064,sseulqhpqgfqrhcocanbsqnsrzvd,0,0,-12.085936,-21.776104
6f6f6262737a657a706d75627a72756272627264697a6d76707373646973707073766d756c6f6475716f7272616e716267766f616c6c64,oobmszezpmubzrqbrbrdizmfpssdisprsvmqlodugzbrcnqbgvoalbd,0,0,-12.257082,-22.984009
7a657065616c69747265707574726172716f666d666d676e402372646e636368,repezlitrepqttarqofmfmgnstrdnrch,1,1,-14.180468,-29.94776
75726164716778657a66697076647274716361746f6769727568637078696561697673667264736776616363746e,uradqgsezfisvdrtqcatooiiuhppxieaivsfrdfgvacctn,1,1,-14.915615,-27.501247
6461666d696174706f7675696e68636772646f7264726c7062616f,ddfsiabpovuinbcsrdrrdrlpbmo,0,0,-12.156083,-18.980322
7a7a7970636c646e68667376786d642164756a75673f786167677a6e73726d,zzypciqnhfsvxmdtdujrgdxaagzshrm,1,1,-12.736988,-32.759007
6c6676716e6e68747a636263706e75706e73617a6f737566626f75,lfvlnnhtzcbcqnupnsazosufbou,0,0,-14.072023,-20.918135
70736c746164616f706e6f6d72637569696767757a6c697567686564747265646c63637a6c647675767a6e686576717a7a6669,psptadaopnomrcuiifguzliughqdtredlcpzldvuvzphevqlzfi,0,0,-14.116591,-20.842033
667a76617373676d64646e69616e656666706e716d736e7674766d747463626e6c656d676c61696163636264647464627569656170,fzvasfgmddnianeffqnlmsnvtvmttcbnlemglaifccbddbdbuieep,0,0,-12.554614,-20.609678
6368736772737170767a716e71626f736269636e6665746e617265686e736f,dhsgrsqvvzqnqbosbicnfeenaregnso,0,0,-14.576018,-23.331741
61656c717569626c74686c6c657a75627a6d62647474,relfuiblfhlseeubzmbdtt,0,0,-11.336754,-22.7174
6e636171626c676276656d72726563696e627a716e65687a636361737a6c7266,ncaqblgbvemrrrcinbzsnehfccaszlrf,0,0,-14.895884,-23.310019
766f7163646666626e7062626d6c637a66656362686976726966766e63626270716f61657075636465686f6970697a686c,voqcnzfbsplamlczfecbhvvrifvncbbpqqaeeucdehoipqzsf,0,0,-13.021613,-20.972927
6965636671666966637a6f63687270716365756e6d74726f666376666371616d757272666270686d6f68666e6770656569627a766c7364626f65,iicfqfifdvochrpqceunmttofcvacqamurrfsrhmohfngpeebbmvlsdbbm,0,0,-13.420651,-20.745312
7564656268696762616373646d62736966756c616e6c76756e7a746f61686873,rdebhsgbaasdmbsifuqanlbunztoahhs,0,0,-14.462689,-23.037418
6d75676c6266766f73716f63696f6e616e6d656d686d75616875636f616e727467637575756973627a72706f6e6d6d64636765676571,muglbfvrsqocionbbmemhmuahpcoanrtgcuuuisbzrponmmdcgegeq,0,0,-14.32624,-21.222673
6e7572657a67727170656c6365636372716463756171617162707a75617266716874716d7668736969717a7562666d69,nurezgdqpeqceccrqdcuaqaqbmzuarfqhtqmvhsigrzdbfmi,0,0,-13.9733,-21.884064
6867676c616e766c676f6c6d716c6267727261686c6f6374736669706373707a74706c746d,hgqlanvlgolmflbgrrahfoctsqippspztpltm,0,0,-14.057047,-23.48317
7261697a726974726d6c6d6f7a757466617a67656f64757a747475706574756f7168756e6f75666764716f62707669656f6965617274,raizqitrmlmolutfazgeoduzttqpetuoqhunsufrdqobpvieoifart,0,0,-15.607948,-23.653288
616161647376757373667464687264636c757368717067696276637166667a676264747074747069657068617a67656367736c65626d626f736e6d,aaadavussftdhrdclushqpgtbvpqffzsbdtptppiephazgecgslebmbosng,0,0,-12.9662,-21.154152
796d763f6974737a2376726168716272626a6c6971746e656c7162216165666d636468776f6c746c75646e646c687363,ymvvitszqvnshtbrbjqitfnelqlqaufmczzwpltlbbndbhsc,1,1,-11.552464,-31.384378
6e616772636372766772697068676168677a65646c6e71626d6f627372617072666f7a746f6c6e71616467716169766d6e6d67,nagrccrvgrqphpahgzedlnqbiabsraarfoztolnqfdgqaivmnmg,0,0,-15.041285,-21.224697
726f6866766e6d6d6c7a6c23406570616d21776c62636e66746c6464747a6876672372767566727a697361,rohfqnmmislleepamowllcnftlddtzpvgqrvsfrzisa,1,1,-13.070548,-27.81671
6f666973646d73636566706c6c75727778786d62666e737571216370637a6c697a647a746c7a7a6963666a616474686479746e69,ofisdmscefpllurwxxmbfgqunzcpczlizdzslzzicfjadthdfthi,1,1,-14.185851,-30.764729
62736265766d6267716f726d7163687675667374686e6169646d7a74746e65656c6672757269716e766d6473766e6866757a6e75,bsbevmbgqormqchvufqthnaidmzttneelfruriqnvmdsvnhfuanu,0,0,-15.551499,-23.460629
72647467767566667a66647a6869697a6d676c736c737273727071626e62686c757a69756c627a6971707175697472637572,rdtgvuffqfdzhilzmglslsrsqpqqnbhluziulbziqpqubtrcur,0,0,-13.97788,-22.304825
64617373736867666d70766266727a6d64746269717573667661,rassshgfmvvbfrzmdtbiqusfva,0,0,-14.589273,-24.121449
6c6475736d756e75746867656874746f6967637470636270706964686f626d647a646c726468,llusmunuthgeqttoigctpcbppidhobmdzdlrdh,0,0,-15.60403,-24.229282
666462716e7176636967756f75626c707171737a656f74696f707a67736467726674717a73727363756562726f766363,ffbqnqvcrguouslpqzszeoaiopzgsdgrftqzsrscuebrovmc,0,0,-14.236615,-20.558527
6d6470656d726876666d6d65666b696b686c726f656269656466627074737861626f7578777969773f6773657664756d6273,rdpemrhvfmmefkikhlroqbiedfbqtsxabouxpqiwvgseqdumbs,1,1,-15.574101,-28.9812
6f76727273646d767a616c7a74746d67647570746d7668637562766c6f6864747173696d66646262636d657a6369667a7675766e,ovqrsdmvzalzttmgdupbnbhcirvlohdtqsibfdbbcmezcifzvuvn,0,0,-14.602814,-23.278687
656e6871626f6873667a76767a6372736367676c6c656871706f7465,eneqbohsfzvnrcrscglllehqpotp,0,0,-12.290103,-19.698093
68636d7a76687a716f68676d74686c71746e7068656d6f6c65707667,hcmzpizqohsmthlqtnphemooepvg,0,0,-13.778083,-18.95874
7a6f766e726f6c6f7073616d737475746f677a716e,zzunroloesamstutonrqv,0,0,-12.343345,-18.449286
646876616f726566657a64727165757a696d617269736c687461696666716d6e687a66696d6c647670,dhvaoqefqzdrqpuzibarislhtaiffrmnhzfimldvp,0,0,-14.074022,-20.477482
617665736d75697666616161647167696f6f62656d6368,avqsmuivfaabdtgidoobzhh,0,0,-10.316599,-21.935633
6f73617573696867707275767575686d696467756f666775756e64626d7a74656165717a7462636e6c63646c716973666661,ossusihgppuvurhmpdguofguundbmzteaeqztbcnlcdlqnzffa,0,0,-13.86949,-22.499918
70757665636876696269616166696572757261676e7a62726f676e697061716f616361677a716d7173767169676c726f666f71646d69,ppvechvibiaafierprlgnzbrognieaqoacagzqmssvqiglrpfrqzzi,0,0,-13.981897,-23.366333
687569687a647376716561656c7671737a736f7a7371697567736f646976627168,huhhzdsvveaeqvqsnsoesqiugpodibbqh,0,0,-13.773991,-24.679928
6f687561767464666e627270696e756d7573767a6e6e,oqsavtdfnbrpinumusvznn,0,0,-13.524056,-20.584394
757571666968646e6d6e67646e6e6765656d6c6f767a6165657672736f73657268,uuqfihsnmnsdnngeemlovzseevrsoserh,0,0,-13.263908,-20.861742
697a7163686865697369736f67707a62766770737a6f6c6d696d66687a6d73726e64666f767a66706566756f63716c766470616466706562736261,izqbhheisismgpzbagpszolmimfhzmsrndfdrffpefvocqlvdpadfpebsba,0,0,-14.087965,-20.541151
6f6c7464666c70706f7a6872656362716861616469706e67626462636469746d66666174767a716570,oltdflppozhrecrqhaadipngbdqcdqtmffstvzqhp,0,0,-13.180144,-20.980328
6765757262657568696e7a6567766e737176726f,geurbeuhinzegvnsqvro,0,0,-15.282225,-19.999859
6d7a62626e646866657a7563737a6c7475616c616f40216c62657976726f6d71646723646275687076647272,mzbbndhfqzscszllsalaoqolbeyvromqdtqabuhpvdrr,1,1,-13.165296,-25.39604
6f62716d6767736966616161766f716c63667066716169647572766f686167756c73656567687462,obqmggsifaaavoqlcfpfqaidufvohagllleeghtb,0,0,-13.70952,-23.341162
7176696870647276736c65746e687462766975617170647175726275,qvqhpdrvsletfhtbqiuazpdqurbu,0,0,-14.868859,-22.51028
696f70696f646f686f637a6f6c6471716868716f71656f6373766c7a766873717a6871756c6274757a767a6f6f706f75,iopiodoqouzoldqphqqoqeocsvlzvhsqzqqulbtuzvhoopom,0,0,-13.678557,-22.202244
7676627a616f757064686e756465616c757675706870677572667361646e69727172736d67626f7569646c7172,vvbzaoupdqnudealuvuphpgurfsaqnieqfsmgbourdlqr,0,0,-14.756852,-20.088634
636562716d7a72726f6272737366636c747a6d6d6761686c7473616468646d626870,cebqmzrrqbrghfcltlmmpahltsadhdmbhp,0,0,-13.5144205,-22.07406
67642d67636465663f66746a7166727469636576656966716d746165657672,gdggcdefqstjqfrticeqeiizmtaeevr,1,1,-13.577274,-27.142687
746670746472706e6d69766669736f6962696273736c617a7a7a707274617370,tfptdrpnmvvfisoibibsslazzihrthfp,0,0,-12.051074,-18.379738
64627176626d716d697a756868717061636f747a64717471766271636163746f657268736d6764736568696572727662676d7061676d756272,dbqvbmqmizudhqpacttzqqvqvbqcactferhsmgpsebberrvbgmppgmubr,0,0,-14.427231,-22.710474
736f667463767571656868637a6f706c69706f666f626269656e697a,softcvuqehhczqplipofobbieniz,0,0,-14.207646,-21.358643
726f616d7a717666766168706864766863686770766e6867666362636566706e,roamzqvfvahphdvhcngpvnhpfcscefpp,0,0,-13.620888,-19.808561
70747467676f767a66686d636376716c6d6962676f66,ptttgovzfhmccvqlmsngvf,0,0,-10.778777,-18.456736
6361656f6f62767163666368646c6f6767616d747a61636e,caeoobvrcfchdlogfamtzacn,0,0,-13.608022,-22.124573
726662646e6c68616c666e736770666e6e6864706e73686962707a7266737a766e65627a686d716d,dfbdnlhalbnsgppnnhdpsstibpzrfszvrebbhmqm,0,0,-13.5119,-19.821333
7a6571686d696f666f6d61636576686f7571677176766f6f627a6869,deqhmisfomacevhouqgqvvoobzhi,0,0,-13.943329,-21.73365
64687061646d6272766c667570717a7a73626771717273767167656176667576646c616e6e6f,rhpadmbrvlfmppbzsbgqqrspqgesvfuvdranno,0,0,-12.153534,-21.84852
6f6e61746c6e726c677476716c6664726c6f617664706c63726f6e7668726270696c,oqatlnllgtvqlfdrloavdplcrsnvgzspil,0,0,-13.597766,-20.869822
736263687a75616e76616f7a69706c7066756770696d75,sbchsuaevaoripfpfrgpimu,0,0,-13.158925,-20.978188
626d6f6163727a6f616c72656f69767a7674757a6167616c6d6e66636974636976736375,bmopqrzoalleouvzstuzagalmnfcitcivscu,0,0,-15.055182,-21.280731
74716f7a6373666963686461636c656261662d686973646a6661656f74,tqozcqficpdaclebau-hisdafaeot,1,1,-14.441007,-25.559845
706574737575676774646c6c636f6d6f6f7a217465,pqrsupggtdllcomoozste,1,1,-10.881846,-28.95421
6e6e757a74636674646f7a7675686f67726e6263737a69,nsuztcftdozvuhogrfbcszi,0,0,-13.687799,-20.746002
616869636275757462676970627a6863666274696e737a6c75756f686e766f70686f7675,ahicmqutbgipbzhcfbtinszlubohnvophovu,0,0,-14.604826,-20.070656
6c6e75716e74627a706f63726c76756d6466646e6c667a706966687364767721676d71766e636e73646c72726478626f72,lnuqntqzpoqrlvumdfdnlfzpifhsdvwgmqvncnslllrdxbord,1,1,-14.870283,-26.041391
6d6571706967756372656e6b7a6d2d667a6c646662766476746f64726c73776c746c,meqpqgucrenmzmbfzldfbvdvtofrlgbhhl,1,1,-14.49077,-27.844204
677473717166796367717262786c62696e696c657172746d75236767696e7a78407073766f68697a6768657273647262786f,gtsqqfycgqrbxllinilegrtmuqtginzxatrvohizgsersdrbxo,1,1,-15.087324,-34.316383
71716c677a6670677a626c676c6166727271756f636d766c766e7162626e6c706c696c6562726e6d646d74687061616872616c,qqlgzfpgzblglafrrquocmvlvnqbbqqplilebrnqdmthpaahrae,0,0,-13.68826,-19.608154
74737463616a6221646171636273707170766776666473,tstcajbqdaqqbqpqpvlhfds,1,1,-12.969892,-31.990112
696c6761626874637465716f7167697373706968726172646f7a63636d70617a6772,ilgabbtcteqoqgisspihrardrzccmpazgr,0,0,-14.299489,-21.050713
61716f696e6e6267637175216b7a616f75686b6c70713f7162716266646a76626567752d7a7365686c6a627677,aaoiinbgqquokzaouhklpqqqbqbfdjvbegunqseqljbvw,1,1,-14.634692,-28.35418
64686476766768616974666d63676167696f6c686c616e,dhdvvghaitfmcgagislhlan,0,0,-13.905111,-21.102203
6c6d66707473686c726263646465746976726275706c736c6c6e61626765687273726d6d74726c717263706e73656f61,rdfvtshlrbcddetivgbuplslvnabgehrsrmmtrfqrcpnseoa,0,0,-13.026047,-21.677362
7566656c686e6561737165746c637566677a686161636d67646366736369767a63647673746c6e6c65716d7673697a66,ufellbeasqezlcufgzbaacmgscfscivzcdvstlnffqmvspzv,0,0,-13.640495,-23.742159
62747062696c626f7364726c6e68726968756e677674617075,btpbilbosdrlnhrihtbgttrpu,0,0,-13.853337,-23.102839
656f76676c64694074737767757465627a77766870,dlllldiatswgutebqwvhp,1,0,-11.502825,-21.258457
7267646c756d6d7071626670767363706f6c6d7476766c6766756f707a,rgdlummpqbfpvscpolmtvvnrsuopz,0,0,-12.382242,-17.179409
70706d7271706f70726f6d70737170626b6571687469746a7576656f6c627a6f70756f,ppmrqpoprompsqpbkeqqtttjuveolpzopuv,1,1,-14.2252865,-26.396917
6f6f7a6f646e6e7a7364616d70656d63696c687371,oooopnnzpdampemcirhsq,0,0,-11.328228,-19.239021
666e73767a6761736d63706c6564716f687269706d74736371757673676c616f64677261717065747169736374,fqsvzphsmcpledmohripmtscqursgqaodgraqfetqisht,0,1,-13.966524,-26.257612
6e6263697176646174716f71656d7a62667376616d71727265707369646572676776736c62676d6964617168677a6964707367616768647665617468,nbcqqvdatqoaemzbfsvamqrrepsideqgtsslbqmidpqhgridpsgpghdbeath,0,0,-14.539368,-23.296906
616462666872756c677671716275716f7170736c647665,rdbfhrulgvqqbuqoqpsldve,0,0,-14.621405,-21.004166
66747069727161696e646e6e667068766e696c726d69706667696f71626375756f6c696f69687163616e6f766d6964717466706f6e,fdqirqaindnnfphvnilrmipfgioabcuuopioihqcanoemidqtfppn,0,0,-13.710388,-23.120457
7172667565727a64627a736d696c6f70636e657a73646f66666e74717a7669646c6361,qqfuerzqbzsmilpppfezsdoffntqzvidlca,0,0,-13.940169,-21.640606
746c6c66636f6570686963716461696f70676475677363667675617a616d75736c6c6d70,rllfcorplicqraiopgpbbccfsuazamusllmp,0,0,-11.7007885,-22.601168
6f6573757575637264756c72736f6c63767a67766f736667746164707273,oossuucrdulrsolcvzgvosfgtqdrrs,0,0,-14.327922,-23.464334
676167756f68697061646c7065626574706371706c70746266626f6273,gaguohqpqddpebetpfqplptbfbobs,0,0,-14.087589,-20.14936
7a6c6f6e766371737a7167636e6469656f647666617a75616573656f7566616673637375646866696c756f7a6274636e68656f6963626561,zzonvcnslqgcndieodvfanuaeqetufafscsudhfiluozptcnheoicbea,0,0,-14.635801,-21.742287
7a626665626e716c766d706675746e7272756d6d6470646e6464687363696e7a72716366676e676e61646c76696d6d706d7563,rbfeenqlvmsfstnrrummdpdnddhaciezrqsfgngnadlvimmpmuc,0,0,-13.304879,-20.521145
7667636e7a746d6969616d6d627275697370706f6f7a667a6c7065657a6f6275756d656762666e7164686766696f6c6676667072,vgcnztbqiaambrqitfpoozfzlpeezobuumeqbfnqdhgffolfsfpr,0,0,-13.628433,-21.768312
7363646c73616d7663706f6574626472667468706661666d6c6d646c616866626d6c636474737165677065766573676266,ssdlsamscpoetbdrfthpfafmlldlahfbmlcdtsqfgpevnsgbz,0,0,-13.851445,-20.912054
756162666264706f66716e6f62657471706373747171626c696f6862,uabfqdpofqnobettpcsttqblions,0,0,-13.234447,-22.887104
766e66637276646962757a6665736f68756e64687a71666c716e6d6972,vnfcrvdibuzfeqohundhzqflqnmir,0,0,-16.918327,-23.73386
6c6566646e68726d68747574757a626e69616f756e6c70756e6867616c6d6365637166657a656676616d6475636963,lefdnhrmhtuluzbniaoublpunhgalmcecqfezeftamducim,0,0,-15.665884,-23.41315
7475696d616170736762756d7370746d687a62696f7175,tuidaapsgsumsptmhzbioqu,0,0,-13.757269,-20.653439
727a676969756563616e7664726f65666c6f7a6466626e67686e656c62636c6366727a6c76,rzgiiubranvdroeflozdfsnghzflbclcfrslv,0,0,-13.810398,-21.517965
6f63766f6772757267637663726d6c69767062636376646471736f766c6e677564767071756e7a69696775636d696970726d7266,oovlgrurgcvcrflivpbccvddqvovlngudzaqunziigfcmiiprsrv,0,0,-12.866456,-23.296844
7a6c617062696f6d707a6974716f6f7362687464666863,daapbitmsziihoosbhtdfhc,0,0,-11.261899,-20.587177
656d7561623f70636540647a6b2d616c7471724076736e7a71686f79646565696171666375,emuabqpceaizk-altqrrvrfzshopdepfaqfcu,1,1,-13.451261,-31.957743
676e7669676e6572712d6e6269696d65746a72706a647569676272656877726b65,gnsignerqvnsiifetjrtjduigbbeqwpke,1,1,-13.410592,-30.988918
6d6670726e736d70647665766275736264696e6d67656661657667726d6d6d6c6662676e757474726366,mfprnsmpdvelbusbdinmpeeaevgsmmmlfsgnuttfcf,0,0,-13.383873,-20.22484
756c6172696c65656c756169736e6675736875756e6166746d6263617373,blarilleluaignsusatunaftmbcass,0,0,-11.348902,-17.619356
6e636863696d66656969756e6f6e646474736365686f6e6e616d71736f73696e6666666e6f7661,ncncimfeiiunbbddtscehvnnamqsosinfffnobv,0,0,-12.188936,-20.790956
717067726c6c766566757a677064706768647a686861696966,qpgtqlvefuzgpppgpzzhhaihf,0,0,-11.683501,-20.794493
73726164767672757a7a74627070696d69766264617063746171726265717a71707a62636c7366636c,sradvvruzztbppimivbdapcmaqrbeqzqpzbclsfcl,0,0,-14.3809395,-19.957844
636c747362697a65737a6d7363676670626266627171736d6c6d616e75637469717367617a64706569726c74646367706f61,cltsbizeszmspgfpbbfpmbsmmmmnuctiqsgazqpeqrltdcgpoa,0,0,-13.392346,-20.58637
7a706e7a6366767474686562626565746e677274696d74676d75746e75686e716e71767a6576667a6876657367657a686475696c746d67,zpnzmfvtthebbeetnqrtimtgmutnubrqnqvzevfzhvesfezhduiltmg,0,0,-15.011297,-22.797482
6563726867667666686e73696f6c6d666f616461736f6664716571687574616174666c677363646467667276627575646c,dcregfvfhnsiolmqoadasqfdqeqhubratflgsphdbnrvbuudl,0,0,-13.507544,-21.210752
627a66766e6f616c76666272756f676d6e6c676174626867666175756863686f72766d626164676774646f746d74736c64646c716264656669,bzfvnoalvfrrroggnlgatbhgfauuhchorvrbadggtdotmtslddlqbdefi,0,0,-14.313221,-21.021828
733f70407a6967777569716d6270616f7a7076736c657a736c6c6171756f726f7a2d237675686a717a7074772365726f7a6165706672666a7467,sqpaaigwgsqmbpaozvvllezihllquoaozgzvuhjqzptwqrrozaepfrrjtg,1,0,-13.089775,-24.290903
66646e726c6569737a68677473616365766e6472766363717a7a706f7a757461616e76617672626276646972697071646e666d7075696f72706f75,fdnfleiszhgtsfcevnsrvcrqzzpozutaanvavqbbvdivipqdnfmpuirrrou,0,0,-14.132225,-23.534153
6872666c63646473666876767265717a696276697a7468,hrflcddsshvvreqzinvizth,0,0,-14.300219,-22.607618
6f6568756561686269766e687176716e65636266,oohueahbivnhqvqneqhf,0,0,-13.93024,-21.980482
67696761756d70756f726e626e7267716c626562687166766f756c686272706d7171746f646e7564717473757a6862,gigaumpuoqnbnrgqlrebhqfvtrhhbrpmqqtodnudqtsuzhb,0,0,-14.696923,-23.002548
676f736e63746963626571646e676e746c6d6c7362727673646c6f7663706c66687061736c63687a7a6c,rosncticbeqdngntbmlsbrvsdlovcplfhpallchzzl,0,0,-14.464927,-22.861097
626f687a7362766c6d73767462746f617563716d72766967656471687476616f767a727572626870676f76617a696c6f767672757074717a6175,bohzsbvlmsvtbtoauqqmrqigedqhtvaovzrhrhhrgovazilovvruptqzau,0,0,-15.280448,-22.4842
706c696465766274616f6171716c6d757a6c766f6475716f7370627466687161736c,plipeebttnlqqlmuollodpqospbtrhqass,0,0,-11.595509,-21.21038
6462637a697371646e6270706273717168706172706c6c6968686c626873726d65696475726e6c6964637668726c7a767172726972,ddczinqdnbppbsqqhsarpllihhlbhsrmeioornlidcvhihzvqrrir,0,0,-13.380074,-22.718576
74636e7366646667656673676f6665626974666d737a74756667616d68716770636170717a7662636d68626669717162626d70,ttnsfdfgefqgofebitfmsztufgamhqgplqpqzzbcmhbfiqqbmmp,0,0,-14.178008,-21.262505
69696273617065756e616e71666f66696870706372666d686f696d656d696f6169727a6361707370716c647471,iibsapeqnlnqfoaihppcrfmhoimemipatrzcarspqldtd,0,0,-14.068436,-23.133078
71756e69716475637369707371726972716873706e617164656c6e6f766169696874726e6f6562616d647a7175706d656e72696d72,quniqducsiprqbirqhspnaqdelnovaiihtrnoebaqdzqhpmpnrmmv,0,0,-13.875486,-22.280308
6e687470676d76716d687368687173686c747162747a,nhnpgmvqmhsshqfhllqbmz,0,0,-12.723823,-19.570694
7264696f6d736373616c6d6169746470686f636464646c71666f7a21686474756f69677266746c736764406e73746c64,rdiomscqalmaitdphscdsrlqfsrotbuuoigrfslsgfanstld,1,0,-12.521239,-21.403082
6e71647a6d6465657070716f68766f67737064697067697a71726d647275,nndzsdteppqohvogspdipgizqrmdbm,0,0,-13.967406,-23.37476
617a67736d6371696e64616269636f62737a756c6d7266656362646361646d61686c737a6c656f746675746c756572636664,rzgsmcqvndabicobszubmrfecbdcadmahlszleotfutsuercfd,0,0,-15.970538,-22.923025
40776f6d626f70676d6c6c6e686763726d6f78646e6f6966696e6976716823756476667a6874727866657175626f727665666f6763616a7275637a75,twombopgmmsnhgcrmoodtoifdsivchtuvvzhtrffequborvefogcajruvzuz,1,1,-13.930148,-32.28714
69667565717a6c6d6574766176737a6f666e616272636f6f68716c6267716965736d6964677171717276737167636d6c,ifueqzlmetvavszofnabrcoohqlbgqibsmidgqqqrvsqgcmm,0,0,-15.0108795,-24.933733
6e7070626870626874656974727a696e666375637a,npplrtbhteltrzznfcucd,0,0,-11.872633,-20.384695
6371686865736275756864756476667270626d706c6d69736d6e677174646d6d76746d7664627272626972616d666e646464,cqhsesbuuzdudvrrcbmplmipmngqtdmmvtpvdbqriisamfnddd,0,0,-12.410137,-22.050678
6473656176636f746265627269656d75626a79656e74686f64626f72696b2372,dseavgombebriemubjyeqttodboriprr,1,1,-14.247946,-27.450752
687576696472696f61726f7262757a686f6e706e7a6c6c6774616c6e6e6d61686c6d6667746d72616d7a636971756c6f6968647661746d616666756e,rvvidrioaroqbuzhonpnzslgtqlnnmahlmqgtmramzciquloihdvgrmanhun,0,1,-14.406802,-25.656715
73656473677466627a677a63616c69757a6d6d667164707163737a6d63667669727161727671726e697a726d66676e676d646c62626972747a6671,sedsgtfbzgzcsliuummpqdpqcsqmcfvirqanvqrnizrmqgtdmdlbbirtzfq,0,0,-14.489552,-23.484482
6e6e6675766670777a6576757562707679676c7465676f7067637a7a6d626a7a6c716e686272716c6c6c7a7a6867666f747264756f762166766e66,nsftvzpwzevpubzvynhttgoegczzmbpqlqphbrflllzzhgfotfdtovffvmf,1,1,-11.407808,-30.147114
686d666d63716e71747a646770657174677a76647675636270627064667375657668746c7470727a70746e68687a7469,hhfmcqnqtzdgpeqtzzvdvucbpbpdfsuevhtltprzptnhhzti,0,0,-14.687324,-18.755234
766f646571696d666f636f72666d64726165756c766568716965616e70,bodeqizforormmdraeulvrhqieaap,0,1,-14.399893,-25.854733
6c75677a69706f767468676f656767736d61677275646c6d75677a6563636675626e69616c7067686c65716566686e6667757a6f656f7574,lulzipopthgoeggsmqgrudlmugzeccfubnqalpfhlebefhnbauzoeout,0,0,-14.708733,-23.526503
6871677261696861617162716e7265747a6e6664726d6973736e6e70737a62737168627563626661707376,hqgraiharqbqnreqrnbdrmissnrpszbihhbqcbqapsp,0,0,-11.998709,-20.003418
746e6365726c65636973687470617176726c6c736267616d73667475746170627371766965717a6f6d6d6476676770616c7162756e69,tncsrlecishtpaqvrlllbgamsftutaplsqvieqzommdvglpalqbuni,0,0,-14.724398,-22.15717
75736369737465696d73647573636f6964616d62767a746c626c6e67,uscisteimspbscoidambvzqlblnf,0,0,-14.191214,-19.659555
76637a616267757a6662626f6661716d63616769637068656d6767736275626f67757263656e,vczansuzfbbofaqmcagfcphelggbbbnbgurceg,0,0,-12.365879,-22.711506
667a746e6874626266627a626f7571756e616964757463626d676d62656d646c63666661646662646669646d706963617568696e6f636c7271,fztnstbbfbzmouqsnaidutcbmgmbemdlcffsbfbsaidsficcuhpnbbrrq,0,0,-12.4618635,-22.342165
707466407468747675786c62667563667972707470616e686b7164736772697374756d646869647a756a677965,ppfmthtvullbmucfyrptpanhkqdsgristubrhidzsggge,1,1,-14.329066,-29.912348
676d6965756c667465646163696874747170637571727066766d706c6d667a6f68756e,gdieulftedacihttqpcuqrqfvmplmfzohun,0,0,-16.140284,-23.788475
6368616569766e6466647a72636f62656363636d68627163676d6167646372727064677a6866727463626c7568656e73736c63,cqaeivndfdzrcomecccmhbqqgmagdcrrpqgzhfrtcbluhensalc,0,1,-14.320201,-25.264172
6f676e717274746d67626d6776706c6c7176757a74627667696768656d6365766d6963706f706970636f6275,ogfqrtqmgcmgvplmqvuztbvqighsmcevmiopzpipcrbu,0,0,-12.778347,-21.799492
746370687361636f7a706e746e7171707164756f7666616d756f6171736e616f66726466616c6576,tcphsacozpnqnqqpqduovfamuqaqsnaofrdgzlev,0,0,-14.806735,-21.000689
6d6e687a676267667171736268706274766f7063,mnhzgbtfqqsbhpbghopc,0,0,-13.296568,-19.647058
75686f7a7a6f617a627a75616e6d656968657a707072726f746e6261716572746f6c6f637176626c7468686f666174626d61,ulzzzoazazuavmeihezppsrotnbaqertolocqvqlthpofaabma,0,1,-13.3721,-25.514051
6d72716e6964717473746f616e6f70706e716768616d6c7a62746c7673766c74637463736f706369656f72626763716e616466766c7276766e,mrqnqdqtthoanqppnqthamlzbqlvsvlqctcsopcieorbgcqqadvvlrvnn,0,0,-13.722035,-21.858738
626c766166726f6e637071746472696f76666d71646e73677365626f76736c626963666f716c63,blvafroncpqqdrtvbmmqdnsgpebovslbicfoqlc,0,0,-14.239011,-22.05843
7567686d647a7a76656d6d67736c7175706e7a66757a63666869766875697568617076616d6e636c7171766e6570616267736e63656f69756f7670,ughzdzzvermgslqupazfuzcfhivruiuhabvmmpclqqvneeabgfnceoiuopp,0,1,-13.859043,-27.801945
746c666c6e676e6e6369757367686e71696974676267676f6d6c61666176617073676d7164646461756c666e716265747363,dlfsngnnciasghnqiitgfggoslafavgpsgmqddduulfnqbetsc,0,1,-13.360074,-27.434778
737571612d79406475712368777564644072796371747061697a7461757a6a7079707a4070686667686569643f7163767a6565756261707a,suqa-yadqqghwuddqrccqtpaiztauzjpppzqpffgheidpgpvreeubapz,1,1,-15.056084,-33.176537
6961667a61657361726470676765727261756e6f626f61636463,iafzpqsardpsgerraunoboacsh,0,0,-13.246798,-21.472153
6d61706d63757a6867646362756d6375656168767172656864656d,mapmcumhgdcrumcueahvqrrhdev,0,0,-14.607316,-21.009579
726d64736566696d63676466686367746e74716f63686666617a6c707571696f6174737167756467726462727072717a72646c6576767a7a6472,rrdsefimcgdfhcgtntqochffaalpuqioaasqgfdgrdbrprqfrllevrzzdr,0,0,-13.465074,-24.29866
667a687a74756d7276647068766173696f726f63637576,fzhztummvdphvasioroqcuv,0,0,-14.986546,-18.09123
71696271666773677a7465736568736166736c726d7a756169666f616c706364616971647367756170637a677676,dibqqgsgzresthsafsprrzuaifoalpcdriqdsgurpczgvv,0,0,-14.197513,-23.120602
64716e7a7473686376636174756274737a737a6c726d6f6470,dqnzssscvcarubtszszphmoop,0,0,-12.566306,-17.942469
6672667363767a76637171706d68646c67677a72767576636972616664636c6e716967676469626e7672747a716e76,frffcvzphqqpmhplggzrvuvcirafdllnqiggdibnvatzqnv,0,0,-13.476718,-20.928919
7a686d63707374767162676761726873686c74686d6e7a62696965687261716f727068656f716c677174626d7a,zhmcmssvqbggarhphlthmbhbiieqraqfrpheoqlgqtbmz,0,0,-13.71546,-21.135746
657473696e76717074687670706c65687665756771,etsqnvqpthpfplehveggg,0,0,-12.17877,-20.185577
676663766d6169686d69706c7374686d7a61736c726d687a62726c7476666e6372617675696e6e6e736d6c656f646973767363627a766d727a63,gfcvmaihmiplsthmzaslrmhzbrllvfqcrsvulrnnsmllofiivsphzvmrzc,0,0,-13.672971,-21.612812
7368696c706c7268686f7471707374707664666c6476706565686c7463756d64766d736264636e747668766c716e,ssilplrhhoqqqstpvdfldbplelllcumdvmsbdcntvhvlqn,0,0,-13.497756,-22.821423
767261627a6d646163686e647273656d70646561617166646e636e61,vravzmdvchndrsempdeaaqfdncna,0,0,-14.300801,-20.468143
706f64626d726d70686176676e7376666d766570647a696767646e7271656c707576697461717a736d70617475697474736270,podbmrmphavgnsvqmvppdzigsdmrqelpuvrtaqzsmpatunhtspp,0,0,-13.504582,-19.795486
706c7476676762636169756f697366696176736768677a736d707470637a747a71736c6c7072666f6c686c677a7a706171646173746867736672706e,pptvggdzaiuoisfiavsghgzsmqtpcztzqfllprfofhlgfzpaqdasqhgsfrnn,0,0,-13.513114,-20.454912
6c6a74657a2d686a406970736664657a706c746771666665686963726e2d6566736f726472697376687165727a747467736e75646a6f6662,rjtez-hjaipsfdezrltfqffehibrlfeffordrisvhqerattgsnudjofb,1,1,-14.33889,-31.769466
726c6d636e6570696969747067637662667566736f6e,rlmcnepiiitpgcvbfunson,0,0,-12.716782,-17.893827
697476696c646f6f756c74636c6263766d6e6c717672,bzviggiuultclbmvmnlqvv,0,0,-10.173462,-20.32898
697262667062726c707372706c676c6c727263617062627269657467726c70696662646873646d6f65,irbfqbrlpsrpqgllrrsapbbrieevrlpidbdhsdmoe,0,0,-13.895368,-22.960735
67626161676465647075746f696f62666e656574736467636276,gsaagdedpgroiobfneetsdgcbv,0,0,-13.621934,-23.882864
61737673697a6d766f6f726c7476616670716e616c6d66636370,asvsizmvoorhtvafpqfalmfscp,0,0,-14.151234,-20.467003
7272716f656266716e6c6d6f766d6e6670657674716870646474736f6567,rqqoebfqnlmovmnfpevtqhpddtsoeh,0,0,-13.968317,-22.01053
687a72646969656964726f6871657471766f7a62766865616670736871736970697670626f64726f69657a7672726e7272756c647361706f,hzrdiieidrohqetqvozbvheafpshqsipivpbodsfiezvrrndzuldsapp,0,0,-14.890867,-23.82056
7070726572766472626e6c7a757a65706169707062746369657562726464677567686d63767566726d73736e6c6e7475767261726f,pprervdrbnlquzzplipgzscieubrpdgpzhmcvufrmssnlbtuvrpro,0,0,-12.421745,-20.932306
72696374636168676f6161726d64736964636963686e64666468756e766866666d6269746267716665627669737375696d627676737a73,dictcahgoaardddbdiishfdfdfunvhffmbitbgqfebvisspbmbvvmzs,0,0,-11.42998,-21.673038
74706169737369666474636e65756c6f7073657173706974,tpaassifdtcneulopseqsqit,0,0,-14.348256,-21.666815
7a7669626f706767737668616e7269646f6e637a7373746c61,rbbbggggsvhanridonczsstla,0,0,-11.549287,-21.191736
62666d62697a736f65667674736474707073666d706f646274766964736f717475667575666e687a7265766c6e6c6f63647a6f64,bfmbizzoefvtsdfppsfmppdbtvidsoqtuffufnhzrevrnloczzod,0,0,-14.392223,-23.594402
63686c6265746c62676f65756c657664706676616f7065747a7061647a706c71667a626f75756e,chlsetllgoeulevupfvaopetzqadzplqfzbouub,0,0,-14.709399,-22.672419
7665717369706e656264737268646662706d6d716473726d6775626c63667566676c686e6265,veqsqpneldsrhdfbpmmqdsrmgublcfsfglhnbe,0,0,-14.70708,-20.42377
746666756e70726f7472687269676e6f736869736f6c66716173727069746f6e6867757a61666865666671646376,dfsunprptrhfignoshisolfqasrpitonfgfzafheffqdcv,0,0,-14.367811,-22.736752
6376716c62767a726175756d65656875766d6c657569677574,cvqlbvzrquumeqhuvrleuiguv,0,0,-13.957297,-22.786741
6f6e6e6871646d667a752d6d72647564646e697a77696e6c746e62647178757668756540706d62637661,onnhqqmfzubmrduddnizwisltnbdqxuvhueqmmbcva,1,1,-15.044395,-29.952087
74747a6272646f636e7a69706f666c706e62676f756e69746c7a6461686970,tttbrdocnfipoflpnbgounstlzdahip,0,0,-15.038216,-21.77766
62686c71637164716776756971636c74776e6f696c636e65727565237364,bqlquzaegvuiqcltwnfilcseeuegsd,1,1,-12.407868,-28.74382
656f6364716372686772756e70717a726f6f7a726e65646e677565636973646c66666773626e6e6469746c70636c7068656d6f,eocdqsrhgrvnbmzroezrnedngueqisdlffgsbnnditlpclppezo,0,0,-13.92113,-21.108704
74766d61656468737a6f666868646374727a68757271736e6e6e666568677063637663736466626e766e6172676e72646e,tvmaedhsgrfhhdttrbfurqsnnnfehgpzhvcsdfbnvnargnrdn,0,0,-13.892212,-23.010885
6d61696e656f7a7066696676687a216c6c64656668677475626e69636672676c796a666d6c6e6d74667067636f7a64756e6d217170616872,mmineozpfifvhzzlldeftatubnicfrglyafmlnmtfpgcozdunmbhpahr,1,1,-15.153623,-35.119045
75676e647a727a68746f6662616c6470736f6f6f6d61757374677172636c637570736565,ugndzrzqtofbaldpsoaomaubhmqrclcupree,0,0,-12.969067,-20.412178
6867636e6c69676c746971216c7070616c636c6d72,hgcnligltiqflppalclmd,1,1,-13.82859,-26.890106
7271647068647a6c7a6b6774216e666c7078646e40727968677578647a6c727a667a6767,rqdphdzlzkqttfflpxdngryhguxdzlrzqzgg,1,1,-15.076045,-27.046518
737465717163716761736d767167686869636465,steqqcqgasmvqghhicde,0,0,-12.919935,-17.203114
7066687a71706f6976646766636c70767173766e6465657467,pfpqqpzrvdgfslpvrsszdeetg,0,0,-10.601792,-23.994728
69736765736e676d7269646d73646363746c6d74676475726266616773666c70746d6f696c706965687a74,iigesngmridmsdrctlmsgdurnragsflptmoilpiphzt,0,0,-14.474714,-20.060055
7a71627575696863677664706e61646f726d6c6173767a64646361,zqquuihcgvdpnadorllarvzgdca,0,0,-13.688696,-21.699274
64636d6470707661697667706161706572617a6c717172686e6f647a72647a,dcqdtpvaivgpaapqrazlqqrhnodzrhz,0,0,-14.178935,-22.335993
75706c617276686d6166617a66736c736e726766696875767a667164737063686575646c686c,uplarvhmaaazfslsnrbfihgrbfqdspcheizlll,0,0,-13.333139,-20.035782
747a71636475746c62736776616369697368716e646d6262716f736d6f6267636c6966707372656862706f616163696265,tzqcrutlbsgqaciishqqddbbqssmobgclibpsrehbpoaacibe,0,0,-14.326291,-22.572933
64716f6d71696769676d64696370626971707a6c6d7a677072626668666c6f626c61616c75696c696170727171746f736e696863,dqomqigidmdicppiqpzlmzdprbfhfloblaaauuliaartquosnihc,0,0,-13.799131,-20.619032
746d66616261766d64746c6d7573647469646c696d6567717175756d7a656d6d626e62646c6276617a7a686573727a6c73706f617a72726661686175,tqfebavmdtlmfsdtidlimegqquuqzmmmpbhdlbuazzhesrbhspoazrrfaaau,0,0,-12.408356,-23.145132
676569707468686e66627262617a7069636770737a,geiptqhbfbrbazzicgpsp,0,1,-14.445535,-26.513304
6e6d626c646f666d616972746861726674646e69717269696e6c6e65706e7064637071686466637074656f6c73,rzbbdvfmaivthazftrniqrdinlneznpdcpqhdfcpteols,0,0,-13.925936,-21.232384
6c656974626261717a72656e70696676706e766d7a616c706165666d6c,leitbbaqzrenpifvpnvmzallaefml,0,0,-14.413269,-19.200634
40736e617a6e6d61716e6864706273666b6c6f627562,nsnaznmaqnqdpbsfkpobug,1,1,-13.842307,-27.518827
6d6c686668756663666866636e616f7a756669667276646c666465747463727472656e6c716c7063756f64,mlhfmufcfzfcnaozufmfrvdlfdettbftrenlqbpcuod,0,0,-13.908224,-20.553337
73656965666561656474696f74617a7174706765706d636f7a64616c616f686e636264637074697072696f646d766f6f68697276767267756f6e,deiffeaedtiotazqtpgqpmcozdalaohncbdcptipfiodmvoohirvvrgnon,0,0,-14.113116,-20.52132
6d646168666c75736268616e7079726b6c74406261706f6462764061616c627a7274657570646273676b6540746e7472667265706e70,mdahflusbhgqpyrsllfbapodbvransbbrteupdbsgfeftntrfrepnp,1,1,-14.257295,-28.506498
727375716f6c6f74726e7a72676963726773706c7072726c696f76707a7a717a7672616f6f766866,dsuqolotrfzrgicrgssllrrllovpzqqzvraoonff,0,0,-12.559115,-20.123203
736d7740737367706673736470676277636e6472756d7a757676626678617664766c23627270636267737664637570766279672d6c767361706373,sswtssspfssdtgbwcndtumzsvtbfxavdvlqbrpqbgsqdcupvbyg-llsapcs,1,1,-13.147583,-31.375122
6368706e69666d6e6d7a6d7171617276767565757569667364617070737273667569687575686364746c64697664766c70637072,chpnifmdmzmrqarqvueuuipbzaprsrsfurhuuhcdtbdivdvlpppr,0,0,-13.624691,-21.44235
74757665707672236569656b663f706775756465626371717a7a756c69666775646873636975667a6f6f677371,ttvlpvrreiekfrrguudebcqqzqunffgudesciurhoogsq,1,1,-11.740296,-26.758072
666c766f6d696f7a6861626668626d696164727a6567726f647374686c7469706473766f6d6761746f6568757168706d706872747264,flvomiofhabfhbsqadrzegrodstpbahpdrvomgstoeruqppmphrtrd,0,0,-13.767852,-22.761908
7367747469646861737463616361666f61726c6f70626c6f636e6f636e68636d7a6668737472636465666774657574736461,ssttidhpstcacafoarlopbloqnocnhcmzfhstrcdefgteutsqa,0,0,-14.654481,-19.814682
64667a62677a70656e6c6d71736775747267736d696c7a67676c736562676566766d6e6f7272727569666370706569,dfzbnrpenlmqsputrgsmilzgglsebgeebrnorrrbifvppei,0,0,-12.939744,-22.248877
6d6567656c766f6274736975706c6f65666e677165726968676c636c6c61677575727175767a69646966766c6f68767367616e6872626d6f766268,regelsobtsiupldbftgqsrihglcllagfursuvzidifvlohvsganhrbmovbh,0,0,-14.573222,-21.831741
6c6e6763716c7062646374666c7361646475696e676f676f726f6f6470736c6975746274717a6d6361637268656763,lngcqlpbdcttlsadduingogoroodpsliufbtrzscacrhegv,0,0,-13.689544,-20.481659
707263766c75656c67696d717a62727a646969747a7064,prcvluelgimqzbqzdivtzpd,0,0,-13.886255,-19.93684
636866716972656368706f686273617464747174657065766e6c6673656e686f6d75746f6f6c667262,chfqifechsohpsatdtqteppvnllsenhbmutoolfrb,0,1,-13.937441,-26.992247
76656d7369697a6872676f76766e757a657562707461756f76766e68766e656f65707265616f646e766976686e6f706769,vemsiizhrgovvnupeuoptauopvqhvneoeqreaodnvivhsopgi,0,0,-13.97749,-20.697372
77696e6a2d706c66616762667669716c6a6e21626e636c6d6f706e68676872746670687569792d756a6f61726f,winjbplfagbfviqljnqbncllopfhgfrtfphsqy-ujbaao,1,1,-14.098893,-25.677547
7569706d726876627162666d62766165617675626e6467677362686e7674706772627a6770646463646e68676e,uipmrvvbqbftbvqeavubndggsshnvtpgrbzqpdszdbhgn,0,0,-13.2661915,-20.913721
6f64766373746776706d66636f73736e657268706c6c6f68726f63,oiscstgvpmfcossnerhplllhroe,0,0,-12.288719,-19.225603
7064737175707576736e72736561696774696874707a696e756969636669666c62746273757361706264706c6d7a74676273656c6c,pdsqupuvsnrseaigtibtpzinuiicfiflbmbsusapbdplmztgbslll,0,0,-15.420939,-22.076206
616d7a747165626473617a6f686d6f73686c7561696f747275716c65766d74657a6c666e617a72767a6f6371657270,ammtqfbdsazohmoshquaiotrqqlfvmpezlgnszrvzohqerp,0,0,-14.130034,-21.678806
68693f72756e6c64736d696870706c757374617a726d717070626e6d666a6c,hihrhnsdsmihpprustazrmqppbnqfjl,1,0,-12.671234,-24.036173
706e7362616f63676d65617a70647565656c7a686e7673706d61766764666265767a64706c7564627670646363626f70747a,ppsbaoqgmelzpdueelzhnvspmaagdfbevmdprfdbvpdccboptz,0,0,-13.989236,-20.606167
716e6f6273706270717261697070706e776a70636d75,boobspbpsqaipisnwjpqmu,1,0,-10.946662,-21.932373
686974646268736d72736e6975616772746873707674766971766e6871686f646d686f,rttdbhsmrsnquagrtqspvtvifvnhqhodmpo,0,0,-13.075683,-22.053589
62696165667a766c6776757069737661647a7a686f72646e717a6f756762706d726971736d7671,biaefzsbgvurisvadzzhordnqzoubbpqriqsvvq,0,0,-14.58239,-23.581385
75736369717a6f6c6d676e726c6c716e6361617575686165746d70736f64616c6666676e63686d6264696564,ussiizoemgnrllqncaaauhaettpsodalffgnbhmbqied,0,0,-13.187552,-24.256699
73666f757272666d6e73767a6c676673686f74646c7061,sfourrrmzgvzlzhshptdlpa,0,0,-11.610515,-19.628586
766f6e66656270696f66646273726864616d7374687567637569637069656e7a697a7a,vonfelpiofdbsrtqamsthugcuicpienziiv,0,0,-15.057106,-22.482685
6176626f6873746565666561676e69736e6e666976636e766267667165706f7566717a6962656464707067616874756c64716464707a69,avbohsteefeagnisnnfivcrvbqfqepolfqzibeddqplahtulbfddpzi,0,0,-13.13808,-19.938179
7063666e75657165676c73766670676f7a73616976666d746c667a6c75686c726674617a687a69,pcfnueqezlsvfpgdzmaivfmtlfzluhlrftazhzi,0,0,-15.396094,-21.695318
7a6c6563636e6767716566696d6d7676757a6c74696c6f657a626e6570646566636c6e7073686965717366,zleccnzhqeziimvvuzltiloezbqepdefclafshieqsf,0,0,-13.098485,-22.29086
617265706d757174726467636c67617665686471647367727062637a7076,arepmuqtrdgclgaveqdqnzgtbbczpv,0,0,-14.18585,-22.15616
746d6e657562646367627076726f637a746e766e6472626871766461727466657166697274687268626f70666375716561,tmngmbdcgbpvroczqnsndrbhqvdartfeqhirthrhbopfquqha,0,0,-14.382661,-21.124453
736d656365666d707a6571736c707171627473767a6d746e656c626f62656666737062627a68707174666f63,rmecezmpzeqsqpqqbtsvzmtnblboaeffspbbzhpqtfoc,0,0,-13.517096,-20.313272
70647572727a6172727263727269706d6c7575756d6572677274626f6d6f626e747362686e,pdurrzarrrcrripsluuumsrgrtbomobntabig,0,0,-12.394019,-21.48286
7a6e6575636c726c727265756f747a687569746476766c647a67687674737a717062707a6961756f6c6576747663716c626267,zneuclrlrreqotzhugtdvvldfghvtszfpbpziaaolestvcqlbbg,0,0,-14.04934,-20.956455
72656e7a6f716d676368666e706c6e6f766e756c646773637171766773676566646f716774616f6572696c73697072,renzoqmgchfnslnovnuldgscqqbgsgefdrqgtaoerflsipr,0,0,-14.337418,-20.061514
63636c6e646e7061767667717163647366696268686f61676275677a6671676661616168676c706e6e6573747574656666616d,cclndnpavvgqqcdsfibhhoagbzgzfsgfqaaghlpnneetuteffam,0,0,-11.692898,-20.971767
696269756366616d71646e717a656d63627a71616e6e646c65646e667666766c6d7a736c7169706d63766e,rbigczamsdnqzemcbqqanndlefnfvfvlpzslqipacvn,0,1,-14.057995,-27.164356
6d766c756c6f6f706770636e6763756c7675746e6f7a74716d6d746f706c70657364656c647a626e7666747470,mmlumoopgpcqgcubvutnoztqmqttpzfesdeldfbnvfttp,0,0,-12.651153,-24.923859
6d61696c63616e6e7465636f697a61686f706d6e75706568687566737362667462616c66746e6771716f616e647a667665616370696c6e62,mailcannbecoizahoppnupehhufssbftbalftngqqzandzfseacpipnb,0,0,-13.800413,-19.484352
756c6f6c70616e6376676c6e647170696c756169716c69696f666d6d6971706f666c7165,ulolpancvglsdqpillaiqliiofmmiqpsflqe,0,0,-14.326758,-21.45233
6f6c657566616363686168616762746972717a67627472666161716f6e74637264677467,oleufacchahagqtirqzgstrfaaqostcrogtg,0,0,-13.044381,-19.77666
63647173636f6c702379663f7a65746c2175667a62706170706674647967636a656f6d686375776f70677a64657262737074,cdqscsnpzyzzzetllufzbpappftrygcjeophcswopgzderbspt,1,1,-13.515957,-27.312172
626d6c71626e646770696d646d6276666c6c6d66726e,bmllbndqpipdmbvszllfrn,0,0,-12.188317,-19.910542
707569677567656c6e7a74626d7a686d7461636466637574726c757167697573647a71617070726e7473677a65727070726568676275657163,duugugelnztbmzhmqacdbcutrtfqgiuspzqabprntspzerpprehcbueqc,0,0,-13.517079,-20.630243
686265647a6763737263706c6e75656967677667696e6176676e69657a66756e717a716f6c717272,hbeqzgcqrcpllbriggvginavgniezfubrzqolqrr,0,0,-13.431035,-23.687605
6264666d6f6e7062656d746273696d7a7361696770647272746675706d6e616373656f7674636f7169626973736769686d,ddfmonpbemqbsimzsaigpdrrqfupmngcseovrcomibissgibm,0,0,-14.24657,-22.297756
7668616774737a64636e6e736c6f7364686f7a7468766c676c6e7a7a66746974737a6666,vhagtsqdcnnsposihvzthvlgpnzzfthtszff,0,0,-12.732988,-21.322395
7a75667164616c6674626f61757065767a676272726e676d6d73746e6d76657065716c69676d676c7572666169696874676d,zurqdalftboquppvzgbrrngmmqtnmvepeqlibhgdurfaiihbmm,0,0,-12.911434,-20.917496
766662697a666c6966656e747a667076647572616e76626e70666573717469637275706f7a6d70636f707468657a687a627364,vfvizflideetzppvduranvbnpqesqtipruzozfpcoptmezhzbsd,0,0,-14.2272625,-23.364536
6972657a716f7661736c637074667a72666d6963,irezqovaslcptfzrfmic,0,0,-15.104022,-19.517921
636d7067766876706f6974736371686d70616e69676e6d7265656467647a,dmpgvhvpritscqhmpanbgnmreqdgfz,0,0,-13.945521,-21.876177
686d7272676c6568666171716169667365666e646f61706c7265626d696c,htqrglehfaaqabfsefndoaplrebmil,0,0,-14.784648,-21.193422
746270757561737471656c6e74726c74666d6c6f756d7261696c666162617467717a7169746d6f68766f6c6975746c68686e6272,tbpuuastqelntrltfmlolmraiqfabaqgqbzitmohvoliutlhhnbr,0,0,-14.701146,-25.033798
6c736c68716973656d6367766c616c72616d736d707a697a6e6676676f756963716968656468667a686f6d6271,lslhqibtmcgvlllramsmpziznfvrouicqihedvfzhombq,0,1,-15.753218,-26.959942
64676f6f7274666e69636c73766870687a74727568636f7a707675766d7064617a6e7475746371,dgoortfniclsvhphztbuhcozppuvmpprsnturcq,0,0,-13.762608,-19.69053
6876717670746561707a686d6e676e6d716e7462676667656472666c6168716c647162706c686667677165737066646575706d74,hvqvpteapzhmngnmqntbgfgebbflahqldqbblhfgfqespfdeupnp,0,0,-14.333721,-21.49186
6e73697368747572726366676866616d6d676f6e63626d6f74686d65687268626d6267696e747561746e6f716f71667370676666,nsishturrcfghfammgoncbmothmehrhbmbgintbatnoqoqfspgff,0,0,-15.284398,-20.038115
6f617a74716f747071667172766575697669626d64656873676275706f,oaztqoqpqfqrvqurvibmdehsgbupo,0,0,-15.480212,-23.976002
61727a65706f6c6162756f756c6d6770657161707261696c7a70697466616564626464617573716965667666,aazeppsabuuulmgpeqapqailzpitfaedtddausqpefvf,0,0,-13.381113,-22.844347
706f6f75747674746263747a616774726d65626765626f70666d737a6c72737673737a706e6f696264676665677068686e61746f6864,dzuutvlhbctzagtrmqbgebopfmsplrsvstzpisibdgfegphhnaaohf,0,0,-12.783452,-21.885725
716d66636e7466626e726f6876756763727374746d61617a736f666976636c7a766471647573636f717568746973726e6264,qmfqhqfmnrohvuocrsttmaazsofivclzvdqduscoquhtisrbdd,0,0,-13.658047,-23.487568
6776627475766e6d7073677170656164766e6367647464757569736f716e73,gvbtuvnmpspqpeadvncqdtduuipbbns,0,0,-14.255223,-21.582468
716168636e677a72726563696f7065726c696d7375,dahcngzrveciopprlimsu,0,0,-12.956492,-19.20518
6f7a68747a6369757463726c6271616d716f6968727667636c747a737171757a757676666f7a6c76746f646467706e64747567627a62,ozhtzciutcrqbqamqoihrvglltrslquzuvvfozlvtoddgprdtugbzb,0,0,-14.631239,-20.81803
73636573616f7571746876646962676661656e6c716e7061666465766e6273647470,scessouqthbqiigfaenpqnpafdernbsdtp,0,0,-14.190911,-22.160866
756a75617066637a696840617a4063703f74737468727174646e7475617176216575706c6c677563656777656e3f6264757566716175736e6564626d,ujuapfczihthzqcpqtlthpqtdntuaqvttnfllgucegwebvbduufqauspedhm,1,1,-13.810297,-30.721174
6975676169707369677a6e7372746c7261706c76756c727665637a74736e707270666870726e7a666d6e74666269756f7067696c73646f7164,iigsiesigznsrtlrapqvulrvdczqsnprpfhprnzfmntfbiuopgilsdvqd,0,0,-14.190929,-21.287779
62666e677a68726568637675717a747a66676e687a686969706f727372,bfngzhrehcvuqstzfgnhzhiiporsr,0,0,-14.372973,-20.97613
736564696e726c7a627376617471656f717061627365707168716275766c756563676e71696f66726c6975727a76616d66726f,sedinrlzbsvatqeoqpabmepqhqbuvluecgnqpzfrlidrzvamfro,0,0,-15.24294,-24.437912
7a6861756d62657671686f736d74707562626c7064646d61646c71706f717071666468727a61656264756761626d7a6c66686f7269617a6f716764,zhhumbevtzoestpubblpddmadlbpoqpqqdhrzaeqdtgabqzlfhoriqzrqgd,0,0,-13.314027,-22.03025
6579756f6d61757867752363667365686f7a616c676e686270676d6566726c7a6d6c7072,eyuomapxguqcssehrzalgnhbqgfefrlzmlpp,1,1,-14.171346,-27.156218
6c70696f6c7561736661636961677469696e6365626d69696272616e7173706965637370,lpilllasfacilgsiincebmioorarqrpiecsp,0,0,-12.0140705,-21.522945
676976736670617268666f736762646872657370656d76616f71626d71676d65696164766d637a6e76,givsfparhfosgbdhseqpemvaoqbmqgmeisdvmczns,0,0,-15.401707,-21.837614
766276666765647266766973726867637170656c72746f736276767a61616f6574707a666972706d,rbvfgedrfvisrbqcqselrtbftvvzaaaeepzfirpm,0,0,-12.332327,-21.44537
62677466777a66747a686d6a687a6d61663f706379657166756c696d67407468716e68676867617176666d767761,bgttwzfqzmmjpbmafqpcyeqfurimgqpbfnhghgaqvfmvsa,1,1,-13.216987,-28.667233
6e767461697a686968757a6372657a756f66727565737172767a,nvtamrhihuzcrequofshesqrvz,0,0,-13.669562,-23.087996
6c7461737562687267766d696c70746d6f727176647a7369706271717461,ltasubhlgvmilptmorqvdzsipbqqta,0,0,-15.081311,-20.922392
6c61746466666d6971707673707366636c66646d747a726963,ratdffmmqpvspsfclfdmtzric,0,0,-13.764514,-20.216532
716e70746664677065666c626e616d6d677572716c746e6d697a6c656d7669726c61,qnptqdgpeflbnammgurqltnmizzemobzla,0,0,-13.490965,-23.184925
6e756e6972656e7569637076626374746f74637271736d647368736e7a716765756f63686f6c7a6573737073656f,nunirequicpvbcqtqtcrqsmdshsnzqgquocholzeghisev,0,0,-14.547003,-21.024174
706f636c6d71707265687a726768706c7461716f7263616974616d7574626266617a62736f6f7a73626c7364647666667564706d716e7a6d,poclmqprehprghpltpforcaatamutbbfqzbifozsblsddvffrdmmqnzm,0,0,-13.126007,-20.173988
7a6276697465666e726975756e71696d736361766c736f636c7a6d71636c65707572766764706e6868686c75707362637265616361,zbvqtefnrivulqimscavlsocrzsqllepprvgdpnhhhlupsbcrqacc,0,0,-13.804543,-24.247929
71767a717a7274717172626275716d63666e727169626171706c6e656d72,qvzqzrqqqrbbuqmqfqrqibaqplnemr,0,0,-12.495891,-23.653503
6464626961756d7170727a72656761677a6763617366716d6c72617371657a7a72726873737574736672647068767061646662746c63656362716173,ddbiaamqprzrsgagzgcaafqmlrapqezzrrhpsutsfrdphvparfrttcecbqas,0,0,-13.534161,-22.785265
61716c766467707a766f71617061676d6766616561727162726e676d747266737a,atqvdpplvonrpagmgfabarqbrqgmtrssz,0,0,-12.754469,-22.135212
75766e6672646d6d7a62666e646d6676617273716675727a6c62667268626167687563767461666d646c736374626362636f7364,uvnfrsmmzbfnpmtvarsqfurzlbfrhbanaucvtafmdlsctbcqcssd,0,0,-14.948039,-21.56269
686c6764696f6d737465686176726c686c626472747663646d70636d71,hlgdioostehanalhlbdrtvcrmppmq,0,0,-13.9781275,-21.41481
6e6c7265736d616168616e64686e7a70747376766361626d636376737167656f73667175717574756575757271,nsresmaaaandhnzpttvvcabmccvsqgeoefququtueuurq,0,0,-13.824295,-22.337809
7576726d69707176726c716767717566647561647572697a676264617a6c7064667275626f646c62647563,uuqmipqvrlqggqufduadbfizsbdqzlpdprubodlbduc,0,1,-14.0893955,-25.457592
6e766d7069707a64757169717276756f766668626570687269626268,nvmpipzquqiqrquovfhbephpibbh,0,0,-14.994605,-23.366556
6771696373616767726d687474707076766869726f656d65,rqicsaggrmhsttpvvriroeme,0,0,-12.317253,-21.784056
6d627a667268636f667469726468666f70687a61667a6474,mbzfrscofsirdhfoppzanrdt,0,0,-14.157107,-21.146685
756d746e706f6f6d74697a6e64736f6162687368706266646f6e6c746969766564626962686d65726f,ummnpoomtizndsoabhshpqfdonltiivedbiahsero,0,0,-14.612263,-22.765223
7a756572666f677367696d7566686775656c646665,zuerrogsgsmuphgueldfe,0,0,-14.522547,-19.86866
6e6c64763f216668676b40747067752168616165676d6e61627a6c,nldvvqfngkstpgurhaaegmnabzl,1,1,-14.685156,-31.924026
736768757262616e766d727a716f617a686472617a6e637471,sghuubangarzqoazadraznstq,0,0,-14.745134,-20.926872
6f6c6d7569677672656d6f6f6366757664766c67667071717165687a6c7a646f6672736875766f71696e6c696273696368737675687a73686d,olmuigvrqmmocfuvdmlgfpqqqehzlzdofmshuvoqinlibqichszuhpshm,0,0,-14.543281,-23.884401
6d6361687a65686968676e6e7562637a6d69746764726675756e717373,mcahzehihbnnubbzmitgdrfuunqss,0,0,-13.488218,-21.873314
6c6d6f6d7472616773706c726376697a75636c6772646e69642d6d646e6661656176697a6c6e6f6d6674626f766271706e4069,lmomtragsplrcqisuclgrdnidbsdnfalaviflnomsttovbqznsi,1,1,-14.4464855,-26.583675
6771647372617072616962636c7a756f6e69677a6764636e65687a68706965676d646f7066616c6170626c7164706e7264746e627567716776687276,gqdstbpraqbclzuoniuzgdcnehzhpiegmdvpfdqapblldpnrdtnbugqgvhrv,0,0,-15.010626,-23.307602
686f6f767075736e6d6d746d646567646c686576667164636e6e6d6466656472,boovpusnmmtmdqgdlgbvfrdcnsmsfedr,0,0,-11.557154,-21.150991
736265616570616e6d6e716766766d716f75706964637a686f64766f6868696565676f7a676e,sbeaepaqmndgvvmqoupidczhohvohhieegozgn,0,0,-14.219029,-21.488281
6675727264726e7466707a6469726d7261646d7a71707672666c636562666e6175756862666d61706f6d,furrdrntqpzdirmradmzqpvrflcebfnauuhbfmapom,0,0,-15.135357,-21.492353
7a70666665657a75657073637a6871666273616f6575647167697668656171636774676e766f7263687a64747475,zpffmezuepsczhqfbsaoeudqgivheqqcgqgnvorchzdtbv,0,0,-14.469811,-21.996674
7061666f656c646562756c697564636e6376676168736466677363707566646f6676727a6672746f6168,panqeldebuliudcncvgqhsdfgscpufdqfvrzfrtoah,0,0,-15.246121,-21.727158
636e736f646274646870706d646d7a70726472696d636d6d766f6e,rnsodbtdhppudmzprdrimrmsvon,0,0,-12.568961,-19.800371
66746461706d6e7575657a63716c67626e7164686362657a6e696e626471656864636e71737163727672636e646f676575636d62646463626d7a,ftdapanuuezcqlgbnqdhcbrzninbdqehdcnqspcrvlcndogeucmbddcbmz,0,0,-14.315466,-21.09689
7072756973706169766e6e72626f6266727470617175,brugspaivnnrboqfrtpaqu,0,0,-13.055648,-22.369844
70736c6768687a696c7165757a7a6765656c64726365746671636d73656d616c666e616f7272726c73,rsthhhzigqeuzzgdqldrcettqcmspmalftaorrrls,0,0,-12.046524,-19.899694
71616171696c76727a687571716d7a6361766d66626f66616e68617675617474666c76697a7475656d6e747564747a676464756370667a636d6369,qaaaillrlguqqzzcavmfboqanhpvuattflviztueqntudtzgdducpfzcmcd,0,0,-12.855155,-21.604437
6c67666964706d67626d767a6f62736265626c6e6673646d656d6e6e61716e76,lgfidpmbbmvzsbsbeblnfsdmemnnaqnv,0,0,-15.1729965,-22.168491
68627a637270726d76647176696171626f766d6463647067676f68706d65707076617271747572696173757a66646869,hbhcrprmvrqziabbmvmdcdpggoqpmeqpvarqturifsuzfdhi,0,0,-13.76019,-22.183012
6862657470716164656968706961746c666f68636f,hbetpqqdeihpiaalfohco,0,0,-14.873909,-20.288738
676964766c73756d73716f63676f7175627a6e706767736d756274646568657072657068,giddlssmzsocgoqubznpggqmpstdgfeprehh,0,0,-11.857706,-21.540985
6d3f73666240406c65647a696a786d746174697a627a6167706c69716874756968656e6362716d726f686e6d6765,mmsfbqlledzijxmtatiqbzagtliqhttihencqqmrphnmge,1,1,-14.662876,-28.359365
7a766668766862666e7664616f6d6370696f6e6370737a64756f646c6775716c7261737a647065667468677371716c65736770736765627a,zzfvvhbfnvpzomccioncpszduodgffqlraszdvefthgqqblesgpdgebz,0,0,-12.897652,-22.090622
73696872716566617169696d62766462676d7a6861656f717174666964,sihrqefaqiimbvdbqmzhaeoqqtzqd,0,0,-13.439808,-25.03592
6874687376707a74616973626f6d736367626d6f69646762687464726170766270627a7371647261756368736d737a71747571,hthsvpztaisbomsqgbzqidgbhtdqapvrpbzsqdracchsmszqtuq,0,0,-15.157531,-20.707123
6f63726d6866627a7363617a67716862656e686c6974676e676e716e6c706572,ocqmhfdbscazgqbbenhlitgngnqnlper,0,0,-15.002851,-24.058819
716d6e6e626163716d6e686e63666c716e61626c636c6c6e6e7a6c6462686f7065647a69697a76716f63636363657a71636e6167,qmnnbacqmnsncflqnablcllnnzldbbopelziilvqoctccezqcrag,0,1,-12.836694,-25.475954
70726c727676626e68616c6e6164766e726671736168746961686f69747a6e64,prlrvvbnhalnadvnrfqsfhttahootznd,0,0,-13.384057,-24.626692
686965687674696e69736d676d757a716f7272656e697264626c716f6c766775676e7268636c647467646367766e727562626f6e65,hiehvtinismgmpqqorrenirdblqolvgqgnfhcldtgdcrvnrubbone,0,0,-14.558522,-23.742
6f6e7a76757266747276756667686c746f6876726d6f666e74627a68746f75656f666e7a737364677370626f7a,dzzzurfsrvsfghltohvrmofntbzhtoueoffzssdgspboz,0,0,-13.217969,-20.027079
7a76707a6766617a7a627a70636c64656c706561736168,zvpzzffzzbzpqldelpeasqh,0,0,-12.647209,-20.395689
6567646c706d616869766574736d6f766265706c706d75696e72617a6c6c6775737a7170636468706866616673767576696565656d6776,egdlpmarivatsmovbeplpmuinrazlaguvzqhcdhphfafsvuvieeemgv,0,0,-15.187846,-23.750036
6161656f6572726669686c6d6373697a72696871636d72,aaeoerrfihlbcsszrihqbmr,0,0,-12.436272,-19.97377
6d676469737670687466727a6e61697569626d6466716470707265716f7a736772,mgdisvphtfrznaiuimmdfqdppreqoasgr,0,0,-14.659255,-19.790813
63687174717369636f6473677167647a6e66667270626563,chqtqbicodsgqgdznffrpbec,0,0,-14.899518,-21.123629
687071666c6d687475756f7371677173646461697168707176687267706c7a676d61756c75717376746767686c626d6c67757a6676697363616270,hhqflmhtuuosqgqsdqqiqhpqvhrgflzgmauluqpvtqghpbmlguzfviscaar,0,0,-13.716081,-23.329338
6c667668766367726c6d6c726c7a627673647a636c6c74737167667563707370677a716273,lfvhvcgrlzfrlzbmsezclltsqgfucpspgzqbs,0,0,-13.687585,-18.54185
68737161736c63647264736e6665647065697565687464756267726f716d6c6773717475617271626c6d656669626168666967717063767a,hsqaslqdrdsnfedpfiuehtdubgroqmlgsqtuarqblmefibahfigqpcvz,0,0,-15.883047,-21.728662
737a6e69707866686f406268796d676a616b62616773717a6965657a74697265676f6f4065656e6663626170616e69,szzhpxfhoobhymgjpkbagsqzieeztiregofreeefsbarani,1,1,-13.866172,-31.168022
747a706c6f716d74697668737170726765736c6c6176636c69766c6472756662656962666c737469766365666364656c6666676f,rzpsoqmtishsqprqezflavclivlfrufbqibflstivihrcdelfggo,0,0,-12.829691,-21.396568
62686d73626d666d766373657470627475686474646963627570757a626c69726e7a64737170767a6e6565,bhmsgqfmvcseepbtuhdtdrcbqpuzblirnzdsqpvznee,0,0,-14.205412,-20.657188
7a757a707576696874616769646675646d6c61636c6974756c716366666f687065656e64616d76757061767473636263617362,zuzpuvihtqgldfqdmlaclifulqcfqohfeendamsuravrscbcasb,0,0,-12.962302,-22.869337
71686d66646f6c756f67627a62646e6c716f716366696173647576706e676c706769746c6676676962,qhmsdolmolbzqdnlqoqbfiasduvpngllgiilfvgnv,0,0,-13.201076,-21.974773
696f69756865766767646f6267686d6f6f7068637a73,ioiuhvvggdobghmoophczs,0,0,-13.239172,-19.956429
666e6e726e637274626772656f6e68676873686f646870677173656c64746374647a6667677a6e627076677a707069616d6f76766d,fnnrncrtbgreonhghshoahtgsseldtctdthggznbpvgzppiaaovvm,0,0,-13.164972,-21.490059
69666573687271766d74716c74647a61696771747362636274746374736173676873736568676d61647a6d67,reeshpqvmtqltdzaagqtsbcbqtctsasghssehgmaazmp,0,0,-13.458843,-19.837198
7a6e74726873717466766c757669726c6967706c707562626e7375716f6f6362676f636274717a766163686674736872,znqrhzhtfvllvirligplpbbbqsuqoocbgonhtqzvachftshp,0,0,-13.791524,-21.038363
63636575706c76736268636869756d646972737a6272616966717461756669616d6676746263737a75676e63,cceuolvsbhcqiummisszbraifqtaufiprfvtbmgzugnc,0,0,-13.672717,-22.31188
65636e746166737563667173647575627662696f656669757a7a6d71756c707a6367637a766c69706d716c71647271616766,ecntafrunhqsdulbvbroefiugzmqulpzcgczvlipmqlqqrragf,0,0,-14.506477,-23.350792
73637a7a6f616e676d686e696d7275686e646c6666626e66716e726c6e6c6e6d6f64766e6e706f6f626e687067676c626c63,dczzsangmsnimfusndlffsnfqnslnlbmodvnnpbzbnhpgglblc,0,1,-12.478213,-25.657295
7361676c757362626161716564726f72736c686367676c66666d726f6f64,saglusbbaaqqdrorslhcgglffmrbod,0,0,-12.438843,-20.437927
7676726e75636665637671696e737270626361656f7073726167746865756f6164706766,vvrnucfecvqinsrpqcaeooorrgtheuoadpgf,0,0,-13.950796,-25.254562
68746e6c6976697a6d69666c677065656c6e6c6c6d737468757070657a63746c66626c67757267756d61,htnliuizmiflgpeeeollmsthpppezcslfblgupguma,0,0,-13.380643,-24.389664
7672707a65636463726e657264716c6969706267,vrvzecdcrnerdqlsipbg,0,0,-14.633639,-19.071075
7466726d67696e63727162696e71706e747462747a65756369,dfrmgincbqbbfqpnttrtzeuci,0,0,-12.874041,-21.198826
6163677a6e617a7075736c6d72717462646e67676d62727365637165656268656663626167616e666166746672746874,accznazppslmrqtqdnggmbssecqezbhpfcsagaafdrtfrtht,0,0,-12.8216505,-23.876535
62616e2d6e403f7164626d71236e6d72636b6264687165657670767572406e6e787274676671716f656e2d6f6f6364,ban-maaqdbmqpnmrcksdmqeezpvprtnnxrtgfqqaen-oocd,1,1,-12.107257,-27.715828
6f6272616e6c6875707372686f697a6c756c756361697a7564706576726c686364626773716672706c6d616d6d7361636365626863666e6775,obqqnlhupsrhoizlulucaibubpeqrlhcdbsstfrplgammsaccebhcfndh,0,0,-13.013012,-22.014019
6c7074636469726f75736f67736c70736c6868676e7462636c63686e6c6371,lptclqrousogslpslhhghtbclchnscq,0,0,-13.965681,-19.379133
74716c6c6f656774746974636e616d666e6f706966766675757a67676d6472667a646c757a766465616663637668,tqlboeettitcnamsnoozsvfruzggmdrbzdluzvdeaaccvh,0,0,-12.246887,-21.013521
686864686c726f74757a64676c616f7575706261696871,hhdhlrotrzdglaouupbqihq,0,0,-12.932939,-18.920755
6676656575746464646c7374657467646770696e6161686c7a7a676c616e,fveeutdddsssftgdgpipaahlzzslan,0,0,-11.13596,-21.203074
7474756f61736674766861646169616e6d766d6468626271667a7473646776756f76696e626265767a6170,tttolsftahadaianmvmdhpbqfztsdgqunvipbbevzap,0,0,-13.2265835,-21.88313
70656f6363716c736469756f727076627063646569706e7569676c657563656172676d716462,peoccqlsdiuoopvppcdeipnbbglebceargmqbb,0,0,-13.848922,-22.17621
68747672706f666e656e656f646173746f7465616766706869677563717666,htvrpofnsnnodautoteagfphighcdff,0,0,-13.684139,-21.207119
72707065756d6f6d696f72656566686662636563696d706f64717470717a726e636771706f736c71646d6162636c64,rppeummmioreefhfbcecsmpodqtnqzrncrqpospqdmrbcld,0,0,-13.377653,-20.044285
756d716f6d636f66666c636267747574707071686868716772,ummomcofflcbgtubppqhhhggr,0,0,-12.271418,-19.404144
677a677373736c7074736767686576766d6275766163686f6f6863617071647561727468656961757468676766,gzgssslptssghpvvmbuvachfohrapsduartheiafthggf,0,0,-13.74452,-22.897024
7271716e6d6f646968736c746c66627a746f726567726f6f636c63717070616f626c7263646e69717464,rqqqmodihsltlfbztoregrooclcqppaoblrcdniqtd,0,0,-14.781023,-21.099335
6776726d67697a706921676967707073726c7a69766c687a746973216675407273666169,gvrmqrzpivgigppsrlzivlhztisqfuahsqai,1,1,-14.365087,-26.89005
656c7275676c647a7276727a70656c687669636665726672676e7469697a746667616f75756d6366767462,elrueldzrvrzpeqhvicferfrgntbiztfgaoaumcfvtb,0,0,-15.909453,-22.19949
766d6266716e67746664666d62666d6a7372736d,vmbfqngtfqfmbfmjsriv,1,0,-13.337608,-24.08548
707a677a6473706d736c726f71627363667576726675696c61716762,rzgzsspmslroqbscfqvrfuilaqbb,0,0,-14.381549,-18.975897
6564746669676665646f647a626866636c7a766363707a66697a687a676f67,rdtfigfedhdbbffcczvccpzfizhzgog,0,0,-12.793895,-21.696697
2d736970656469696e72736c63766d79757263666523796267717a6369726474786c6d6970666f6d,rsipediinrslcvmyursfegybgqzqirdtxlmsbfog,1,1,-13.652891,-27.899948
626d6872746c687170707266666961627575737a646268696f646e,bqhrtlhqpprffiabuuszdbhiodn,0,0,-13.093433,-19.701273
696f7a64706e7675616862766773767165717172756f737a746e6c746f617a6168686676697166,iozdpnvuahqvgsvqpqqrbssztnqttazahhftqqf,0,0,-12.187837,-20.121319
736275657a6d6d6767696676676c676c766f6f647a6472626661,sbqeemmggifvglglvrodzdhbfa,0,0,-13.005398,-21.196384
6e6d70746d706965746871756c70727a756d73676e71616e7a6e7374656373,nlatmpieehqulprzpbbgoqanzsstecs,0,0,-12.671669,-23.498056
72656f68687067756d7661667a667a7563726d7163716d72716f6c6969727673706e757a686f6c637368667665746765,reqhhparmmafzfqucrmqcqmrqoliirvspnuzholcshfvetge,0,0,-14.155377,-22.264874
7570666874627a72767a7a70636e6472696d6f65706e71737a6e697368696974676174756d6e697667,upfdqbzrvdzpcndrimoepnfsznishiitbatumnivg,0,0,-15.451352,-22.755688
617061647661636d70666575766d62646c646c696e7a6e6e7a72706762626d727a75696e6e747a706c7562647a666f736776657a67,apqdvarmpfeuvlqdlllinzpnzppgbbmrzqinnfzplubdzfosgfezg,0,0,-13.398419,-21.098892
7361756164686264686f7473696e757670637270766c6967656f6864656673726161666961636e6c7564766965687465,sausdhbdhotsinvvlcrpfligeohdefsqaafiacnfudvirhtv,0,0,-13.946208,-21.885836
6c756d6e636175707175617067736162657276646366706f6176657a72677a6575636d6f676767716c67617a726c726c687a7a616462,lumncazpquzpgpabrrvdcfpoafezrgzeqctogggqlgazrlrlhrzahb,0,0,-13.989281,-23.478148
6f7a687a7368726c737a6e6e7370646d69626363717076747572737066647063767269716c6971,rzhzshrlsznnspdribccqpvturspfdpcvriqlim,0,0,-13.960239,-19.089188
6d6d707a6e6d6c666365666964616d7065766e7067686769706f746f6f676465657a706c6d64686771727469616961627474737074646873706974,mmpznmlfceqidabpeqnrghzipsttogfeezplmdsgqrtbsiabttsptdrspst,0,0,-12.670291,-20.464228
74706770666e616e646f686f74756e7375766762746763746e746e6273686666637065696d716967,tpgpfqandohotunsuvgbqgctntnbshffcpeiiqig,0,0,-14.876379,-19.516258
6e73626e646f617a736f64717066656772646e6d75767a6976687570666876636e6e646374727a666172636c656d6f75677373,nsbndoanqoobpfngrdszuvzivhuffhvcnndctrzfarclelougss,0,0,-13.832217,-20.70141
657673617476616c676e706665746161726f766c74647164706c676664647a767076626572,rvsatvalgnpfethqrrvltdqdplffddzvpvber,0,0,-14.036448,-23.466806
686d687475726d6862786d62626f7a3f6e726f787165617774626a6c6e6a66727676676f6f74627662726e6f697563616c3f7661407162786b,hphtubmhbxmbmozqnroxqeawtbjlnjprvdrootbvbrnoiucalrvrrqbxk,1,1,-14.12151,-29.59575
2164726f613f73667264626666407665686d746e6c7966717271727373787a70,ooroabsfrdbffvvehmtnlyfqrqrspxzp,1,1,-13.467332,-30.459187
686f716e64646d726f74696774657071666f747a716e7464687462617a72706d6e7069637673646d74,hoqnddmroeigtepqfmozqntdptbazqpmnpicvsdmt,0,0,-14.064373,-21.97908
6d686d666f6d6e7362696466677065626d747a71687164636861746e736e7068617a72727269726f7168617a,mhmfomnsbqdfgqebmtzqhqdchatnsnfhazrihiroqhaz,0,0,-14.447775,-22.614836
7170687a64627376667571666971647a64747a72756e61626e6c747161747a6c7665737064637a716f69687a63756169646669646e7665686f75,qppzdbqvfuqfiqdzdtzrqnabnltqatzlqespqczqohhtczzidfidnveuou,0,0,-14.463196,-22.043694
6f7a637a7565716f7a6c616365657966647775693f616f756d6d216c7a776b73647372716e6b726b612d6e697175,rzzzueqozaaaeeyfdwuiaaoummslzwksdsrqnkrta-niqu,1,1,-14.660491,-29.276701
647a6e7361707162766565756c6e6763716f7571,dznsaprbveeulngpqouq,0,0,-13.431677,-19.76683
726c75687a657262726e766e6372676e7a69757461636c667a61746d70616f6d706c676f766568646c706d7376696771,rluhzsrbrqvncrgtziuvacffzatmppompllomehdlpmsvigq,0,0,-14.165005,-21.557396
667a6f74716275626c757a66636f6c696762646f6f636674616f6972696e6e6464726c6d7564757374746971636865676d73696d,fzotqbubluzscomigbdoocftaoirinndbrlmudubttiqhhagmsim,0,0,-14.248346,-23.300018
6274696f6c6c6962726e74656d6c6f61666f7268746361757666707368727a7376617a6f7a6263,bqiobsibrnqemloaaorhtcauvfpsprzsvazozbc,0,0,-14.468806,-21.91565
65706c656c73706974637a726962736c636f67696663676f6c74,eplelssatczribrlcogifcgolt,0,0,-13.948226,-21.596788
6c72687362756e7a6375727363666370756172667165766d66636d717a756d75646d7368737a71656e716c73766f62617a66,drhsbunzcurscfcpuarfqevmfcmqsumpdmphssqenqlbvobazf,0,0,-15.338066,-22.740185
756d7a627a687570656c727462736d707a63686d6d736f6d6e6f646872646f61696d6f6f70676370,umzbzhupplrtbsmpzchmmssmnodhrdoaimfopgcv,0,0,-14.471947,-22.204826
6469696f6e6f7a6861687370616d647a6d747a63707674626e6271716470617a74676e746d746774627466676e70736868646e6762,diionozhahsqamdzmtzcpvpbnbqqdpaztgntmtgtbtfgnrshhnngb,0,0,-14.318752,-21.366875
726162706c6666686c6d6469717565727a71766e67656f6167,rabplffhlmbiqubrzqvngeoag,0,0,-13.814976,-20.439846
626e656d67657a7573767275726168626d74636664,rneegezssvrprahbmtcfd,0,0,-13.553316,-22.33448
6867696771637a726e75677469736f6d696c6266636f616266716c6461636367637165637465717a756474656e65717073637668636f626369746769,hgigqczrnsgtisomilbfqoabfqldaciqcqezterzudseneqpscvhooocidgi,0,0,-13.8794155,-22.039448
68706c72636e69666c6c6f7274677262766f6c72647a66756d6564657674686676636e7276626c74716d76686f7469687365,hplrmnifzlortgrbvoqrdzfusedevthfvcnrvblqqmfhotihse,0,0,-15.322763,-21.001005
636372637a656e6f71686773686261617a747676,ccrczenoqhgshbaaztvv,0,0,-12.704916,-18.674946
75766170676963626f656363617a6c6e73626e71646c696f75,uvapqiccoeczozlnsbnqdlbmu,0,0,-13.168444,-21.518215
6c6774666574666373766971686c70626f757067636463706869616f6561697a63726d6d6e67716c756562697267717474,lgtfstflsviqhlpboupgcdcphiaoeaizqrmmnbbuuebqrlqtt,0,0,-13.731792,-21.367437
6e6f737372746e626269756e6c75767666676f72767369647265666469736175687374646173,nossrtnbbiunluvvfgorvsqdrefdisauhstdae,0,0,-14.154879,-20.774296
736263696973627271717a68717a6f7a726174726f7a6373756c64676869697464636c626c6673716c61756868617661696167746469,sbciqsbrqqzhqzozratrozcquldghiitdclblfihlauhhavaiagtbh,0,0,-13.756044,-22.2035
6263706f6f747072656e756d61716f63656468746f6168686c716f747573,bcpostprenumaqoaeehtoahhlaotus,0,0,-13.151121,-24.51757
617562676f677671766165696567706361676473746f6f736f6f72,aubgogvpvaebegfcapdstoospor,0,0,-13.039307,-23.642992
67746164646671767a6f706c6e6876736e6876736f747176626c6269726e6972686172616f66697068646e70756f6e696563766f697364,gtaddfqrzopqnhvsnhvsotrvblbirnirfaraooiprdnpuoniezvoisd,0,0,-14.811233,-21.400665
216563676f686d72766e756d7a78732d73766f6c7261697567656c6d74626a7a6f676f78726364767268656476616c747973676b6c406b696e76666b,qecgohmsqnumzvs-svorraiugeliqbjzogoxrcdvrhedvaltysgklakiihfk,1,1,-15.090195,-30.693144
6661637a7672697263627a7171666261717a646d7262666f616c7276706566676764746873646669706d7a686967676f6c66,fsczvrprcbzqpzbaqzdmrbfqalrvpmfggdthsdfimmzhiggolf,0,0,-14.142761,-23.515062
73756e63676666727668716d6e6f756d72746f646e6e746970,sunegffrvhqznuuurrorsntip,0,0,-11.404644,-20.516388
657662736975646e6368706f71766165726e7674677a63767474646370767674677161686f6e66,eebsigdtcppqqtaernvtgzcvttdcpvvtgqahong,0,0,-12.509321,-22.364162
64736d66657267616e737174676f6c7272766e666c6f656975696462616e69646673666f7074736e61687a6e696769,dsmmerransqtgolrrvrzloeiigdbanidfrfoptsnaeznigi,0,0,-13.848827,-24.00156
737a6662727570737063757574616d7469707665676c736f6f67726373766761,szfbrupspcuutamtipirglloogrcsvgg,0,0,-13.483328,-20.364594
73676264616173696d62677a216e62706c73217263736e23787a,sgqdaastsbgzfnbplsrrcsngxz,1,1,-13.599879,-29.58543
6274626c7469736564766562706c6e7075696f7a6e6772626d7a62,btbqtisqdverplnpqiozsgrbmzb,0,0,-14.180712,-21.388145
6d706976676f656c75617a636667746c74656e7165627267676e6c706f666d61666d757a7a70656e737176,mpmvgoqlubzcnqtlbblqebrgsalpofmafmuzzpensqv,0,1,-12.929667,-25.47637
656d70716571726371736e6c70626367706270696f76647562656e7a,empqeqrcssnlpbcgpbpiovpubenz,0,0,-14.99357,-20.002878
6c7a7563676c747a6c6970676475696d73687a726e687a7370706864687a65736d717572,lzucgltzlipgduimshzrhhzsppadhzesmqur,0,0,-15.981373,-24.577375
707267626762616e7a676e6e686f6564687367646d6c6c656971617473747a67,drgbgbanzgnnboedhsgdmlleiuarstzg,0,0,-14.148012,-23.269665
667368657262706e6c626f7a7a666d68757076626e73656e6e7668706c6474626f6871636669666e6c6264756e73,fsherbpnllozzfmhunvbnfeenvhpldtbohqffifnlbdunn,0,0,-14.37702,-20.636297
64657066756561687564737a76716e756e757371726571736e61636665686e63716f61636565646770746f616574676c696f6d,depfueahudsrvmnunusqreqsnacfehncqonceedgptometgliom,0,0,-14.718293,-22.310825
716621756772696e2d4072666c6b697578716872686e70667a7669706970716e756c686e686c65,qffugfie-arflliuxqhpqnpfzvipipqnqlhnfle,1,0,-12.612224,-24.387135
6475656376637675616e66676d69616e7a6466636e656462626c617570766c73767069,duecvcvuanfgmisnsdfqnelbblaupvlsvpi,0,0,-14.051348,-19.290194
6674657a6463626e736768626d6972686c65756c66706466627a626d7375616e7466717a6970696263,reezdcnntglbmqrhleulfpdfmzbmsuantfqzipibc,0,0,-13.51761,-22.40777
65766773756161746c76747675677a73716d73696374756772666674737367766c74677375717a627270,evgsuaatlbbvngzsqpbsctugrffrssgvltgsuqzqrm,0,0,-12.466115,-23.458847
7263747a74717a686c65756274756f626e6975747466766c65746c6c6462746f696d6e656962757a6963747165746f75677a,rltztqzhleubtuobmiuttfvletlldbtoimneibbzictqotofgz,0,0,-14.660016,-20.270374
6c6f716f71766d6f68656f71726d7270696274746e7373617a617a6663616969686466647665656267,loqlqvmoheoqrmrribttnssazaafcaiihdfdveebg,0,0,-14.632557,-23.980354
7264617564697a727070726f716172686f65707676616667756861756e766d6d75667563686e696e6471686f7361756969657175686166,rdrudiqrpproqaqhoepvvmrguhaqnvmmsfuchsindbhosauiiequhaf,0,1,-13.874428,-26.666912
6367646f69626c70646771766166697473736c726471726876616572656369687268726e7562616f71656d737367,ccdoeblpdgqvafqtsslrdqrhvsfrecisrhrnubboqemigg,0,0,-13.699405,-21.7715
75776e73696f4071647163717a6570646967616670,rwnsiovqdqcqzqpdigafp,1,1,-14.791753,-30.156782
6d76737a696d686f6661706f7276737a6862657368726e6e75736e7671707a6f72657575736f726e756963746e7a65,mvszimhofapoqvszgreshrnnusnvqpqonfussornuicdnze,0,0,-13.835278,-21.924719
6f706474656f6662746f6173666f647271686d6473756d64726c71657a617a726c6e71,opdteofqtoizfodrqhmdsumrrlqezazrlnq,0,0,-15.500187,-20.69609
62636f6471656e6561716972716165707667666269746972717574697a626571627461746c73696768756776726873736f70646e697a65736d636770,bmodqeneaqqrqaepvgfbitqrqutizbeqbtatasighugfrhssbpdnizesmcgp,0,0,-15.178906,-22.325
7a746d73716f6165726462636c67646f636e7363706f7374676562646e6f6e6d6f70656d7276687a726872,ztmmqzqerdbclgfocnfctostgfbdnopmopemrvrzrhr,0,0,-13.521524,-21.506294
71697365736c6563756665646c706c646f74657276716e6c6e626e7a636266686767767673726569627375667576716167,risuslecufqdlpldotervqnlnbnzcbfhggvvsreibsuruvqag,0,0,-14.57422,-22.147346
7364716175726161706170617465637263716e6e686d67656e746d6c726966767263,bddauraspapatecrcqnnhmgestmlrifvrc,0,0,-13.803766,-23.134586
636866636673656e717070647a74656976677663,chfcfrenqpppzzeivgvc,0,0,-12.507605,-18.311604
61727a636f7270636d656d666776756c676c727676746e67756e7376,arzcorpcqemfgvunrllvvtrgunfv,0,0,-12.682149,-22.123411
64667373697167636e736c7565767a6d737463686c65617263696c726c63767069726564,dfssiqgcnspuevzmstchlearcisrlcfpired,0,0,-14.202755,-21.07651
6c6d6875766468637462706e67767572756e726e,lmluudhctbpngvlrunrn,0,0,-14.443506,-22.120546
62706e616f686d6d646c6e6f746d706d646867767571706465626e6e69736c6f61617362627a6d6265756f756361706f,bpnaohmmdlnotqpmdhgvgrprebnnisloaasbbqmbeurucapo,0,0,-13.107434,-20.51151
7a6e6e677a70716d6e70717a74706562616f6f7571637a667a676770716d6e766f7567676c6871666f637071646c6c6167766f706d,rnngzpqpnqqtbpebmoougczfzsgpqmnvougglhqfocpqlllaavopm,0,0,-13.035184,-22.129627
626c71666e7a6572737470716372677468706b63687070696765676a6e67676f706d68,blqfnzersqpzorgthpkchppigegjnggfphh,1,1,-13.177117,-27.259092
766f67686d75726d65667273666d69656670616c717a656d62736d666c6e626e697673757a76716d,vogvmqrmeqrsfmiefqalabemrssflnbaivsuzvqv,0,0,-13.317897,-23.367342
6f692d6968716f696e613f233f6f636e74696f757a776f6669666568,oiishqoiigqquocntiouzwofifeh,1,1,-12.834793,-26.55375
75686965646d7176666673676c72737169686967666c6673,uhiudmbvffsgfrsqihigflfs,0,0,-14.0194235,-23.889812
67766570667369706268626667647a746964676c6e6c7468626f7a676d666675616f71757a73616273746e6c646663656c6f7567686174686373,gvepmztpbhbfgdztidglnlthbozmmffuaobmzsabstnldfqeloughathth,0,0,-14.128391,-21.566961
6f787a7078636e717562617a726b7175776362696d6267616662657373706f63626673667a6273,oxzpxmnqubazrkquwqbimbgafbmsspocbfsfzss,1,1,-15.303213,-28.675943
6373756d6173766f6f767a74716772686362636870717161726c616d697a666762616e64766e726e6c7567726e73636f,cssmmsvoovztqqrhcbchpqqqrramidfgbqndvqrnlugrnsco,0,0,-13.549073,-20.812754
76676f756d616262656d7171656c656c68686f7473716d7a6e716f6d6866726d6870756c,vgoumabbemqqelellhotsqmznqomhfrmppul,0,0,-14.251545,-19.088602
6d66766269616f6d6767757370706c6d717a687571666e746c72,mfvbiaomgguspplmqzhlqfnblr,0,0,-12.625361,-18.593287
736374666665766976727467757373716f726264686366657572656c74737065686f697061707a757669636f707675626e637665,sctffevivrbgussqorbuhcfeurpltspehoipapzuvicopvlbncve,0,0,-15.37239,-22.875267
746c6d756f6d6964757376737673726f666261626773737a73716c686461646c68717271646d676476726c67,tlmuomqdtsvsqsroqbabgsszsqlhbadlhqrqdmgpqrlg,0,0,-13.683028,-23.584164
616c64726e757064636f726464657566756662686f7167617176646772646f6976716872666268716568656964756c736e646167667a7661,aldrqupdcorddeufufbhoqgaqvdgqdoivqhrfbhqeheidflsndagfzva,0,0,-15.41551,-23.421558
7a7368666e6f6e647463626267666e7a63727a756168736873766e61647663636c7a716f6c676172747667746d66626161717366736d706c,zshfnrndtcbbqfnzprzuahphspnaphcclzqoagarvvgtmfbaaqsfsmpl,0,0,-13.56412,-22.997952
6970656562727a7a6e6569647a6969716c6269716f646874,ippetrzzneidziisllfqodht,0,0,-10.580871,-21.236937
6c696973736267687a6875727a746d746c72746e726f6969766566,llisslghzhugztqtlrsnrhiiveg,0,0,-11.353298,-18.926296
65676276726274647363637472696c6e74616464626970616e736e67696172637576756c74767a636168666e656c6463657062,egbvrbtdscctrilntbddbipansnbiarcqvulrvzcahfnelbcepb,0,0,-14.488674,-21.664745
73716771757a6672737366666c6e61627a68617366616f766861657a636763757a6d6d7265687366656f6e6e737273,rqqqubhrssfalnabzpasfaovhaezcgquzmmrphsfeonnsrs,0,0,-12.594089,-21.3801
7a6f7375726765706f6766697a64646e6c69656f7a686f747a7665676f7276686567766469637676677074717a61677675656464616265706376,zosqrgppoprizddtlieozhotzvegorvhegfdicqvgptlzngvseddabepcm,0,0,-13.640821,-23.374899
64677365666d62716e6d6d736f62657168706d66766862666261747468,dgseqmbqnrmsoaeqhpmfvrbfqathh,0,0,-13.091996,-19.532244
767165626367756774716372687a616d737275696d61717364696d71766961636372726873657173656861646c76,vqebqgugtbcmhzsmsruimaqsdimqviaccrrsfeqsehbhlm,0,0,-13.456937,-23.93993
746f21756675616c65756e636b6167696565657274616969667a68716e7168626d636e743f697173636621617272736f726c63676365656c61,totufualeunrkagiseertaiifzqqnqhbmqntqiqsphqarrsprlcscseva,1,0,-12.795464,-24.784618
717a61636e6c717176616c717462696164697165636662637067656366,qzacnrqqvalqtbiadiqecfrcpgecf,0,0,-14.992947,-23.483757
63667a63766f61656f7a64746f716c7371687476756c6e6974647a626864676d696868676461716975726d6e636476726166617a6d726867,cfzcvqaeoqdtoflsqhtvulnitdzbhdgmiibgdaqiuamncdarafazmrgg,0,0,-14.655999,-25.061913
7a677569636e63616962646e716f627074736c6864756d646c706763666c666e766e64736c7a76,zzuicncaibdqfobpttlhpubdlpgfflfngndslzv,0,0,-13.070432,-21.961332
756e6566726d677371756563637072616e6763686e6e7161617070696c7a707568686d6768767064676d736e7569716d,rneermgpqueccpranqchnnqaappilzpirhmphvpdgmsnuiqm,0,0,-13.843976,-22.784967
6464656d6e6e726675676d6f747a627265736e6d67756775727065,ddemmnrfugmstzbresnmgugzrpd,0,1,-14.5739975,-26.298988
6f706d7a66716476626d6966637364626471707074,opmzfqdvbnqfssdgrqqpt,0,0,-11.917522,-21.700457
68696766657368697a6574646c63616c726d62686168746f676c,htdfeshggetulcalrmfhahtogf,0,0,-12.251815,-19.678394
69776262407a6f72776d7374726575687062787666216971726767646e,iwbbqzorwmspreuhpbxvfqiqrggdn,1,1,-14.29005,-26.083591
7363666d74766e6d617a6d666f64707a6675657a646d6e706e76746e6d71,scsmtvnmazmfqdpzsuezdsnppvtnmq,0,0,-14.054275,-20.560822
66747662636e6f7a716173666664747172766d666f7269636e7274697a696d6c71757267717362746f6f657562697561617166,ffvbcnrzqasffdtqbbmforicnrtizimlqurgfsbtooeubiuaaqm,0,0,-14.17726,-23.217155
686e767065736c64716e71766d63756c67766769647475766e6d6e686575677a67617a6c66696e6e7a68696d706d716d616f6276706e676f767262,hnvpeqldqnqvmcslgvgistuvnmnheugzgazlfinnzhimppqmaobvpngovrb,0,0,-15.303801,-24.110884
736764686c6f7a7561646c6f7572736f65687275656864676d74756275627074756c7a,sgdhlozuqdloursoehrgehdgqtububptulz,0,0,-15.754155,-22.912716
75747a6c6d66647a6d6573756d647a74666974636973716c75,utzlmdazmesumaztfitcisllu,0,0,-14.387694,-21.724583
62707a6e6f70676c6c616f6c71657174647668656965646d6c6d66656f6769727262657a756e6d6e7a6463666e6775696d7161707a,bpznopgllmolqeqtdvheiedmlmfeogirbbezunsnzpcfngubmbbpz,0,0,-14.719784,-23.058056
71726e727a6d656e7568736d6f737a71646d686d72656d617a7275646c68,qrqrzmenbhsmqszqdthmremazrublg,0,0,-14.4141035,-20.267134
747a726e6f66637370627a736f6e62656e6d6e647a6c746466756d7164727676616467616175637668746e68667562636473,ttrnsfthpbzsonpenmndzltffmmqqrvvadgaaufvhtnhfubcds,0,0,-13.612458,-21.275124
7670746f7a6576646c64686972726c65736372676d7666,rppozevdldhprrlescrgmvf,0,0,-14.030128,-21.48019
727a6676407a697870703f2d63697a40766267716d716f61616564656c6d70626d726166707862657762,rzzvgzpxppq-cizqvbgqmqoaaedqlmpbmrafpxbewv,1,1,-13.38972,-28.208462
6d7266666d6e68687a717273616765726d62697a6874657371636d64626d6968697a747a6172626d6e7469697369677a7165666f7a6d6e63,mrffmnhhpqrsagermbmzhtesqcqdbmihiztzarbmntiisigzqefoomnc,0,0,-14.828816,-22.979292
647523627273696f65666371747a6b706c72746f406378696369697a6f7474,ddgbrsioefcqtzkpprtoqcciciizoht,1,1,-14.026324,-27.20117
7168726471626d65676c7670736163696f6864656467676f73687a,qhrdqbmeggopsaciohdedggoshz,0,0,-14.562983,-21.715359
736965756975617363676f6c7564686f63757575,sieuiuasqgopudhoccnr,0,0,-12.511798,-18.707401
6e6e72717a757a6d6463647364706573686e746f7170746f6569706265697a7664767270716f7469716f61726161696261746c67686673,nnrqzuzpdcdssplshntoqptoeipbeizvdvrpqotqqoaraamratlghss,0,0,-14.263301,-21.433645
7a747a6465656874766c76656e6164716c676c6763736664657371766764636e7267636c62656f696c75636f737272626666696772756875,ztzdeeetvlvenrdqlglsbsfdesqvgdfnrgclbeoilucosrrbffigruhu,0,0,-14.180269,-20.285854
7a6374686962646d6768746c75756e7072666c72616773736d69716968677a6d67706763746965706c70757173616e676e7170677a707a68717473,zcttqbdmghtluunprfqragqsmiqihgfmgpgctieplsutsangnqpgzpzhqts,0,1,-14.534167,-26.682938
6d7570676e73726f706e6d627364706c746e70676e6f7a627270717068646773746e6474697074747a6d637168746f756e65,mupgpsropnmbqdtgandgnozbrpqphdgqtndbiptrzmpqstoune,0,0,-12.294964,-19.62407
6161636f697366706866677a697469727173636d65,dacoispphfgzstirbvcme,0,0,-12.532718,-23.06427
6e6d706c616e75616e64677365726d6c6762757469706673617372696375757a6874696274746f6870736e6370626c757669676773736c6c6f62,nmplanuandgsermlgbutipfsaqricuuzhtibttohpqnspbluziggssllob,0,0,-14.464069,-20.386362
726765756f717a6c766564677a726e6e72646c6665647074666d736c61,rqquoqzlvedgqrnnrdlfedptfmola,0,0,-13.960845,-20.663593
6970617669627468646f67766c76676573747062756f7461,ddvvibthdogvlvgnqtppuota,0,0,-12.308811,-19.854586
6471236b636165766c6262786e7376766c727672696464756e6d706c68666c636f21,dqqucaevlbbqnsvvlrvriddqnmplhflcon,1,1,-13.420467,-29.783867
686663727a3f62696c64787071737a7a6d687a7a74677561647068716762676d6c71616b7476216f647065677a70636364,hfcrzqbildxpqszzmhzztruadphqgnrmlqbktvqodpegzpqcd,1,1,-14.866465,-35.00569
61716169706370676e7a66716770706365626f7a7271736576676f6e726d6f756175737272687a73766c76706c74717473736461617562,aqaipcpfnzfqgspcebvzrqsvvgpnrfouausrrhzsvlvpltftssdaaub,0,0,-13.474134,-23.424717
75687361707a6970667667687575756c6576696372696e677664666467706764746c6d76736c7669616c72686c7263676669717566616c7a747465,uusapzisfvghuuulevicrsngvsfdqpgpzlmvstviplrhfrcgfiqufalbbte,0,0,-13.461997,-24.062922
6774757a736d6d64706769746673656d626663726861666867616970677476676f73736972646276646e736c667a767663726467646d6e736d67,gtuzsmmdpgitfseqbfqrhgfhgaqpptvgrssiqdbvdnslfmvvcrdgdmnsmg,0,0,-13.65633,-21.202148
656d70402162676a6f2d686e7021616963667262746d676c7462746270676b676d7073736475757472,bmpamggjo-hnpqaiifrbqmgltbtbpgkgmpssduutr,1,1,-14.774971,-28.269861
72706668616f646171716e7465666c61696664726d676c73,rpfhaodaqqntbflaiodrmgss,0,0,-12.729012,-19.415234
62667066676c6d657a636e7265766c6362617a6f676e73766e676e756e767563706765687672746f69736d,bfppgmmebhnrevlcbmzognsvngnubvupfgehvrtoism,0,0,-14.039207,-21.572422
6821636373646c626570666e68746d7a7169636e7361,hhhcsdlbepfnhtmfqicrsa,1,0,-13.570304,-21.308725
7a64626e6773696e65737561726d6572666e7a7a676564656e71736c75727576727475657461727a6d66747a6e747267736f62,zdbngsinesubrmerfnzzgedenqflurrvltuetarzmfthntrgsob,0,0,-14.684082,-21.317476
616e7563697173727361736f6c737061616f6d6c7367646c696c757a68736d687a6c6d706d7a73706470677474687263646f6474747369737164,anuciqsrqasullpaaoolsgdlilfzhbmhzlbpmpspdpgtthrcdghttsisqd,0,0,-13.124081,-23.047228
